distance1,distance2,distance3
0.8919660975450792,0.4371764783944274,1.1302980190899006
0.9885519592293307,0.5097321669759353,1.1308918109110575
0.8753260493296093,0.5043013776908927,1.1147304160504727
0.9586594077829487,0.5607435366265091,1.1510689099347364
0.8334008023002101,0.4542575151817168,1.0700296030988858
0.8043254761240715,0.3913366032070965,1.144692659775729
0.7452301162999445,0.5007622137119342,1.0761007123292663
0.8054747891720684,0.45007645471107616,1.1228024233586569
0.8582228119200165,0.4009372928823347,1.155284539665589
0.7290635099382442,0.39354794821235783,1.0775202489593065
0.7579243557114853,0.4580024072248699,1.128231017872016
0.8787695664345986,0.4024212825199117,1.1417624105262938
0.8740919557842525,0.45676721444271096,1.1424167850950464
0.8450078473908749,0.4854747157349134,1.1275863158871837
0.8903252470460311,0.4750789603908827,1.145101331055052
0.848132264809068,0.44933027917662965,1.158055663389575
0.9504423004707842,0.44155778663864215,1.1462663044764503
0.7865603898091502,0.3734540892024249,1.132424910788694
0.81692253646613,0.4492836723819818,1.0942283234593704
0.960777725080568,0.4579144616140643,1.2032331229488542
0.8406187426931181,0.4574096281006689,1.1460330487078256
0.7759860941729839,0.4032475000340434,1.0567063734018929
1.0154473092793295,0.4855380539363009,1.2794516171747243
0.7390214635366987,0.3679533016818382,0.9757995859845087
0.8979536076169999,0.4307121251260639,1.084176975877457
0.8049262913538718,0.3847966101232974,1.0495756402149763
0.9325667254339727,0.387928004332328,1.2083699835752864
0.8235816956277706,0.44437794861939883,1.1837807302481085
0.8340144575605282,0.41643711378965126,1.0651972520939892
0.9283777464967047,0.3812168290189095,1.1738993972381737
0.800044121672257,0.49882664688052775,1.2983344197452578
0.8988985963188647,0.4441995886582734,1.1271113954291723
0.8815990571622969,0.5287912376134629,1.2405521649069284
0.8997830440722356,0.5590720553335605,1.1160167052161913
0.8354276657835584,0.4735473165390099,1.0964178354773846
0.9577169565466962,0.3871567209601186,1.2024663476332835
0.8548822269663217,0.47417693533382443,1.0452122568725772
0.7671340577637268,0.37146882742246334,1.0515457420765948
0.8823600761496573,0.43071810981407455,1.1663727897779597
0.8000983353510129,0.4011110879839274,1.0862358985506935
0.8055616845951966,0.43249831204155426,1.1557766560203628
0.7615459331718083,0.40433916054725105,1.1726561087751148
0.8438895517533006,0.42911532894428844,1.1770965242048093
0.8937662233406652,0.4336624657805529,1.1225875765301574
0.8857802477435889,0.3971456575022923,1.190829200293696
0.8938707827242057,0.4794347130419281,1.2003656685894426
0.8867706754843552,0.4587017717048039,1.142775784454868
0.7797613460340008,0.37049835232437645,1.0634251254636813
0.8548496814713522,0.48860325296195994,1.2023626020564704
0.7349527083413859,0.4207880856468095,1.0773557502436015
0.7708045869627638,0.42927911984508427,1.0520186782194683
0.7823538486937524,0.47239604567393445,1.0019216664467447
0.8414396154889578,0.4305236965084225,1.016008406549409
0.7976995532651062,0.3922955096061279,1.115426169496046
0.8331810768453423,0.4360096491606089,1.1278122828962915
0.8108194051991978,0.44478878050611254,1.1104998268589632
0.8214315255727271,0.436434597481961,1.07252468798473
0.7906778518889818,0.41497318661228283,1.1157702062633685
0.8136024966949429,0.4135976644537304,1.0643158571784797
0.8267455200287782,0.4082752062062136,1.1461353359672
0.8076796645191722,0.42088343440957,1.199296146341358
0.7493203072200134,0.4157321193599524,1.07664482525455
0.7927357717150662,0.4014378914179683,1.1623954853060794
0.7247232647076636,0.3577761587711234,1.0659028796934211
0.8891235515551446,0.4910916721512866,1.0995342701502202
0.8309101141264933,0.4723163552676152,1.1965300637486245
0.8044203784436018,0.4197319600873683,1.08765223204145
0.8492611103975541,0.40168243272821963,1.0442584114149405
0.8169450755628054,0.3939887600820215,1.21624750763869
0.7794700552280851,0.4291670631926292,1.1070270159492055
0.8209201292923046,0.43389115208834084,1.1762540137389546
0.9152394114464503,0.49590260038478,1.0812855798798047
0.9205654754932379,0.5038353602071007,1.1353355153570306
0.8859129491796811,0.4632233373443056,1.2176939041621746
0.8663369684250407,0.3833999375562292,1.070951119148595
0.836852293170348,0.4714758164529642,1.1393212635312215
0.885105771619073,0.43674751468337947,1.1468651416304974
0.7718416716252765,0.48993336747016947,1.1536698149213236
0.9462174418342006,0.4992059202529861,1.1479966786547993
0.993479159273911,0.4965121525964376,1.1152162253262137
0.7728736876623161,0.4183770066875465,1.1256239561257517
0.8306570412064026,0.4040155733087237,1.0588596226388054
0.8686450157672713,0.42297105720386463,1.1823671357682388
0.8047067450472483,0.4021613953491589,1.079003342302076
0.8516040595221203,0.4096833316940533,1.1516804973233794
0.8113828311821508,0.43539114836795606,1.03086555344192
0.7835306879753718,0.4256811580029834,1.0543497219909754
0.9023437973317016,0.41900707675701326,1.131311244778378
0.865255359454698,0.43730793261033285,1.1558713705629997
0.782687391572524,0.41295224818667065,1.0731891835566498
0.9975543290871698,0.4035762929140822,1.2246040522361292
0.7740750582652279,0.41696438427477117,1.1586899725040167
0.8972982260346681,0.4474900707378149,1.2284257651485135
0.8371615179396805,0.40032627772100443,1.1816920976013594
0.908342915187239,0.4218379871261337,1.1400064934006557
0.8281677471836827,0.4190296297281091,1.121095498940525
0.8228695163813587,0.44961782630490277,1.1197942922323212
0.8381630655729481,0.46077156278921255,1.221023951524793
0.83707940166964,0.49693612800212794,1.0740866130942628
0.909738002690244,0.4295381630920032,1.123714228969283
0.9337650823460409,0.4984889857435761,1.1555626725982873
0.8587234113505974,0.4900062979225773,1.1603159490845847
0.8165971533420234,0.42376641326775105,1.2085101453693434
0.8368477612923266,0.4574105543651483,1.0045229827842468
0.7108322706463568,0.3713041814223052,1.011109130657789
0.8258608622426238,0.3926342845731751,1.0631545619507685
0.8521785194991995,0.45917550535964086,1.2477791341579572
0.8603793104970205,0.3409360040322202,1.189426759759287
0.758576744066028,0.4278017439760977,1.0830480223986194
0.8579621351316615,0.4782680982044506,1.0854889274958515
0.8207364630644781,0.4497971210177143,1.1689594300907364
0.8437815030430029,0.4274220754199074,1.0547074341853666
0.941434241958032,0.4956399592849998,1.1053813256159586
0.8415382915153848,0.39709582548361366,1.0273673084706125
0.8213919266300621,0.40223822886944116,1.1345185653547742
0.7706256155196595,0.39681806065787867,1.0233179131301766
0.9104271956276693,0.5013664494475892,1.1095987737296455
0.8231792304432376,0.40365567756493315,1.1163048480351416
0.8592082785260969,0.46976127193436185,1.1169623624427425
0.7915186921141916,0.4596875736828374,1.138794801133739
0.7289684207358386,0.4264851364659251,1.068618322821547
0.7263397210080073,0.3971888142797723,1.0257930814346647
0.8962802766786222,0.4470506485667984,1.052883312928431
0.8839823560382405,0.5056548535856055,1.144777475805928
0.8315092652026173,0.5435987761566761,1.2797472019190317
0.9311816000930676,0.4645276858179526,1.1444088768197143
0.9832467915543841,0.5501011241582968,1.1155982660444526
0.9403201726471972,0.43819066972443727,1.1919595132804996
0.8133225526834941,0.40961113475184646,1.0688690935776441
0.7768183412759389,0.36833837155310145,1.0183131943932846
0.7870204267830861,0.40765458594103776,1.1703476107907744
0.8066349128286303,0.40010399616975983,1.1645012609986614
0.7645397370414039,0.40837497999069294,1.1315012571572387
0.7844402006549304,0.44292681327565386,1.0033955566693997
0.7544444158931956,0.4014819275627203,0.9876172613360322
0.8997799863020602,0.423304399795131,1.068865726362366
0.9527759320860321,0.4769649108729349,1.2595526379157918
0.8721324474693096,0.5000792743424897,1.1447597445402162
0.8489955835004145,0.4314158010482177,1.170303403844134
0.724064178142597,0.48581896881357733,1.1613183390187953
0.8082651170942152,0.4958429493355527,1.1974243728947245
0.8729909169503138,0.48430723031138606,1.1155913149827321
0.7712531811165342,0.4980671154106209,1.2150150345204112
0.8613488145660445,0.42760295116407,1.1196345690323322
0.7890210952547082,0.3702647736217905,1.098429864851982
0.8324623853261084,0.4540240850978991,1.1097606790107584
0.9714837345653315,0.4983859832729154,1.151848229395233
0.7350749043063841,0.4091524485355819,1.1160765381266222
0.9013311716333142,0.4282126510084618,1.1596405847718527
0.8128780625806339,0.424214320188331,1.0466907216950163
0.8395232760967403,0.4271786635657712,1.1727874338367563
0.9066785053316653,0.4383126473626534,1.1210400123094435
0.793195825215998,0.439824985263911,1.106737042011075
0.7717517487956131,0.44248117725776404,1.0894861832593026
0.901760935395003,0.5236905614607806,1.2005020670166422
0.7443298646138441,0.49158699763715674,1.1166428170155178
0.9620658728617009,0.5369900395686649,1.0662002008869633
0.8830071718245879,0.40996073912801656,1.216520752334599
0.9608253171099536,0.5088850339257996,1.107200087014437
0.8002986601965435,0.45888617474292476,1.0682941118898326
0.8530285765195543,0.4529835425363359,1.0723736671702375
0.8007401847303584,0.4179933249942677,1.1529540788529529
0.8496144693086218,0.4667778371394646,1.1032943452325379
0.9359175716260062,0.4212155384458125,1.2085758140976584
0.9358007273854028,0.40888250094690587,1.2347607096818083
0.8263245069106743,0.40692638938978426,1.090660832262865
0.7653761384627337,0.38936657760185833,1.0565459257868988
0.8780874096289042,0.5003183473563212,1.0860484755569124
0.7491829868379764,0.45495652839480083,1.0631254944883004
0.8547326671507479,0.42352827578060825,1.0931564565436347
0.9144778271962064,0.43688981570787727,1.0647964185421905
0.879850406651245,0.4402906990977652,1.260466535603979
0.8003366799570611,0.43406663484657,1.0868812614137837
0.7152303241859788,0.456808135303171,1.0217486744732773
0.8170482524355301,0.4088115911754957,1.1976661367151311
0.8730879266868907,0.44239489850040636,1.1713311567974858
0.8413069034395599,0.4808147268771881,1.1257026893456776
0.7510926204078286,0.41432857557020286,1.066361485772686
0.8610091114600277,0.4800012641418797,1.1071103116061316
1.0027043355590952,0.4867647156782681,1.3232442376349458
0.8659290243107564,0.45289604101881226,1.1412796877061713
0.967815872780541,0.46397563568412625,1.0535614846527217
0.8392640444068716,0.42050024154241084,1.130936330041805
0.8893884679097886,0.48056788223841584,1.16392023194265
0.8677353698508928,0.43746704302258993,1.2180664856348147
0.782538980794704,0.4060211265886846,1.1181743803309634
0.8815891742658041,0.4548666933541306,1.0611620954246523
0.9553362882153671,0.4313127871205199,1.3307973094231966
0.8261222592844061,0.42470303672851223,1.0606770634881724
0.9351827404589484,0.41754101525213166,1.2074513564360496
0.8167049615680396,0.45078665060706546,1.126249889750989
0.9026798109091866,0.5907213063948281,1.1359018365343068
0.8043789461496467,0.4471285805767958,1.1677607652768458
0.881801661277986,0.3878946754832678,1.1412393814670947
0.8208431649158112,0.47341822492430413,1.2109386331365743
0.7475637306851962,0.4120625806603177,1.0542244983155855
0.8524312406431341,0.3972419805205938,1.1833065042629092
0.7379168704727457,0.44101959867470086,1.11037200467987
0.8551649053719304,0.478642837433994,1.1824193897686193
0.8622806765605648,0.4461129080545939,1.1151523220306012
0.9827726626348146,0.4511065539934388,1.1749698403994155
0.786484675169428,0.4253611871129467,1.13899738459291
0.7840473075560869,0.39507931669613067,1.028790366403721
0.8239560922597006,0.44675634746414916,1.0987834429208554
0.9622784463097234,0.5229834434718896,1.0980996710619502
0.8514582670770212,0.48644666668266656,1.0885680870214747
0.7775251390684623,0.37996600794276975,1.083806097800542
0.8910185298402737,0.4034754364182343,1.0860285223763797
0.8802545049865781,0.3869685955988988,1.0489263547781185
0.8123876800254755,0.4063638778421808,1.075261965342541
0.7949709873944509,0.42876555884245865,1.0790438087911904
0.7305001027719636,0.3838904413763016,1.0964109400662998
0.9200259932861306,0.4040129305807851,1.2275814737896213
1.127347129618241,0.6545386705260781,1.150518630510888
0.8713949935894876,0.44852643316903823,1.2062346070838454
0.797967514872619,0.4005465365128031,1.15325464936881
0.8059027479246539,0.43026257736550644,1.170109144150446
0.823218566456999,0.39289570283108444,1.0886232121725778
0.8524132870240859,0.38810159172009606,1.0858005193239038
0.8151062449538187,0.4827733322082171,1.1564515144997032
0.9032323167275484,0.3982630831068681,1.2460738354452057
0.9012912746990147,0.42940920540270855,1.1078722529488747
0.9270183910737112,0.43754953658815765,1.1718344462841346
0.8148745456240087,0.43723032011566376,1.11935265867377
0.8409185139193289,0.38838661322235674,1.1569764007524177
0.736267172702198,0.42724096334143885,1.0752333736571142
0.9562859725613926,0.47359144143825815,1.1615594029553613
0.8088269067840452,0.40219578426509545,1.0723838848834288
0.8409979061859273,0.44064995850011446,1.2171715422975702
0.833201411837078,0.4064814013563376,1.1229935404524378
0.8043469709152259,0.4242883934885709,1.138320649709816
0.9109305261983729,0.4900146574807227,1.197735667268539
0.8703563137260022,0.45586579116764253,1.1559699008125766
0.8102670491959881,0.46894952071393875,1.1543076036539177
0.8348046487542168,0.3830238673053169,1.134648359809364
0.8770167480607833,0.43374578697361565,1.0883522331372846
0.7920667671865839,0.41374852688592745,1.0431879009074667
0.9052874396698133,0.4309417768938196,1.0954842424976796
0.7661625561874414,0.4214205274359738,1.1447019922896895
0.782587106321031,0.4153841891837742,1.0263806493931193
0.854995298257973,0.5044296730060395,1.226597033434031
0.909885106652563,0.40869160273223165,1.2398174296930378
0.8307163512352321,0.4504305877903551,1.211710130072494
0.8036508879388196,0.40938794632965064,1.1599441375277066
0.9647087554069285,0.4718303699422746,1.1626158679830834
0.8121980724989506,0.4203242165349531,1.1799177691421223
0.7899927822845739,0.36357993269807043,1.1150852975403385
0.832816564633742,0.42275129108896997,1.1393683559134842
0.8034499396031036,0.40636098048549757,1.0943340381114985
0.8580873057686277,0.5085830596699747,1.1951869632502912
0.8562384341080901,0.4001523552424083,1.0913378625490606
0.8218407067368168,0.4350456527214543,1.026282052191848
0.8073503172717805,0.420618469017637,1.12828632023901
0.8029712781273256,0.40365556584657303,1.054366668437043
0.8488887526735894,0.4322385164638701,1.123170047121179
0.9441734854276752,0.3882065136285765,1.26008383819682
0.8453676875831038,0.4543057136877287,1.1529679347572546
0.8613593018275918,0.433402945031003,1.074137190136104
0.7895551480572003,0.4598877666070006,1.1470911836478863
0.7598618425847556,0.4146093147286403,1.022781634358305
0.8138642343055277,0.37520507729548846,1.1341585132987446
0.8378013620953023,0.3820661829739236,1.1802924361640885
0.7884977487838176,0.40320796393788366,1.0838472116952782
0.8061051387257084,0.49991600782288625,1.0686446852153009
0.8286246001971631,0.38396804995316586,1.1069576545623483
0.8535608962411286,0.5173538492773446,1.107509620303788
0.8591164560156888,0.45012630765265305,1.2744593946964993
0.855466284484638,0.3699014233892227,1.1732347880405127
0.8073561527783577,0.46191294105633796,1.188636139669736
0.8460064346564677,0.4187621938209091,1.2067122954743714
0.8504657843127301,0.37974368292949245,1.1415087183187682
0.833413103020593,0.391126761182326,1.153349759103006
0.8596633567313742,0.4504623205790792,1.121743203187656
0.7522323914290182,0.45739030276409576,1.2190877553080892
0.9093853491988697,0.41395522488286396,1.2628172676421296
0.9044931524418627,0.4228401822507105,1.1274366709228518
0.7706106632211206,0.4045948373500607,1.0921833788725641
0.8173503116758899,0.49437560904210087,1.1421103841002034
0.8447908918476591,0.449920823839434,1.1938643562939446
0.8048643335310355,0.3642669495100309,1.0846222205714426
0.8796165403285766,0.4378993989254363,1.131363719400152
0.8157686032450429,0.4091307275196352,1.1407485433522029
0.820601872972502,0.42184388540607914,1.132824384108698
0.88824701472206,0.4276176764595719,1.1855997664606572
0.8291864745676768,0.4878298904304151,1.1695626238744865
0.8557582361594339,0.4131471324044329,1.190129027780296
0.8878330293772284,0.40935515970788294,1.1842286616318647
0.823475160118434,0.41966636388466433,1.171113502608071
0.8712368746567412,0.3652955469152596,1.184678488321232
0.7821866037352728,0.4991208289598667,1.1850446753987667
0.9551796857286258,0.4197464678143082,1.1701768762776572
0.8510588317417885,0.4512162201667416,1.1860775752591104
0.7700640549279056,0.39787953018917344,1.071156498150239
1.0091382596760847,0.5089285837119819,1.0914560674135338
0.9306826357221566,0.43618480311178476,1.195430472602216
0.8461126686901896,0.40793972231796777,1.1602227702850554
0.8134488999607696,0.36688770062679255,1.1845073007633966
0.8742547793210238,0.46674778910618453,1.1459074410252763
0.8513810036209394,0.3761029234084814,1.1626133107360368
0.8663998840315551,0.5075374215980304,1.0782905797147555
0.790153464111613,0.41367717018404,1.108274382990363
0.9312678662247643,0.43802252813425074,1.1319542212418188
0.8165327397044096,0.46294891978845,1.2255825917580634
0.8634778384943125,0.402745316702016,1.0592127229928605
0.8064312347344367,0.40662500498072385,1.1181290520127052
0.7121043767520974,0.4032758953079227,1.1333127990581866
0.7405874468830838,0.3894037514271471,1.0835639870827956
0.8902887449812122,0.44543986162939564,1.1377991306980966
0.7460924644679456,0.4005246004183084,1.0759865162252151
0.832211530155571,0.3923417228893739,1.1129719406159186
0.9491397087294113,0.42391517936565415,1.0481806605418185
0.7873750927102611,0.402267602062515,0.9953917263948653
0.7936995276902294,0.4112551897520055,1.1434837238602344
0.8131783548924443,0.49188510827002,1.1564374216012754
0.8313294451746089,0.5017886429880027,1.0872435151393973
0.9029791751102916,0.45632269636038736,1.1184771636777522
0.7567517800957054,0.40064120986649626,1.0515525850268364
0.8727143963579592,0.388440305774741,1.099040869020381
0.8499054260659424,0.41556712723343897,1.1086046187407013
0.7060784790386675,0.40092852874285834,1.041701074414714
0.8449756520684983,0.41491735048187384,1.1031361316431243
0.8008931849445917,0.4709808738549767,1.1161442001612434
1.0974671428149692,0.4987525460483408,1.4593798833075868
0.8368168999757,0.3903683712704229,1.124990208756872
0.8385659821905387,0.42483331294208704,1.1111757159098816
0.9425137477679997,0.44249470321118944,1.2293324029816526
0.9340165410207406,0.4269466179299177,1.2000765568383038
0.8490429190241296,0.4080234514049886,1.1820481565768108
0.7738214316195087,0.4306987033776322,1.1100956506948108
0.7597111865648035,0.41651394248687695,1.1106615754996343
0.9139415342388524,0.45129157451236607,1.0279666758882156
0.7647266030171921,0.3663275289054686,1.0954828522799835
0.7445699651319801,0.38726232759497586,1.1015526912336446
0.9469387106826507,0.4944953650964032,1.136908085533353
0.729749157005783,0.43149067299110483,1.0954417777147518
0.8663729947597969,0.41165413619636554,1.1573516603668854
0.8829017720454387,0.41686910727332716,1.0783227405063267
0.8748707806474267,0.5217302184830414,1.1101647454826409
0.8207697303281979,0.3810333363499506,1.1751605057596177
0.836940503163598,0.43340299005320704,1.074065445366846
0.7888124845474292,0.3708000003715142,1.0685670872686417
0.8737342790041592,0.4721498953448752,1.0832556719517286
0.9054986867899579,0.44400764151121075,1.1382388228956715
0.8988424311621093,0.43205455900241485,1.1477316643328945
0.9500123214149598,0.426987293097579,1.344279583277298
0.8499609706381618,0.40798651830178867,1.17169011777065
0.8498212710182542,0.5168788186682273,1.2415399976208286
0.9189986062614754,0.489949013016996,1.177297781267865
0.8745860388892436,0.41887409211689547,1.1713859074871955
0.8814283451542491,0.38253186354748697,1.1938234283744809
0.9450314495335455,0.4942771619511018,1.0718634687165989
0.882680411804931,0.50179096364246,1.0971548495956682
0.7704031509557335,0.42983207792833766,1.0758928125126528
0.9037221929486366,0.485767385444228,1.1541743985767128
0.8682887577386886,0.6167018457719572,1.1940547141737528
0.773592970434133,0.5010924085053347,1.211003974124329
0.8454046898598121,0.37185528419798186,1.1051320645556917
0.7789756190633856,0.4072973947573364,1.0191570416529696
0.850451497178004,0.4257041922942979,1.172280100982346
0.8273162643748827,0.4168514999822026,1.073098127116244
0.7904975017854422,0.38719534074541595,1.0446712516125805
0.8544324888684547,0.47565751668568484,1.1266906359928317
0.8970382485660111,0.43221042011305005,1.0212002598917416
0.7834347169942358,0.42555470049527905,1.0820226463700222
1.0091439136477411,0.5650008898082458,1.1350749030055876
0.8019402268022296,0.4101978776117774,1.1228921844688913
0.8924016281841008,0.45663917221432393,1.1891991208866934
0.7538296913776228,0.3900711970161802,1.0844502544165924
0.8370154861607685,0.43949391732078574,1.0894614886691165
0.8887003474003655,0.5305825204989587,1.120450711245505
0.836013473960716,0.396545902218863,1.0757980036792596
0.7751571422613189,0.4735428619418262,1.0889977787274199
0.897051850328527,0.47715523001606763,1.0971535970364799
0.8589778624111073,0.4265683412235664,1.1934053337627082
0.9089193121907854,0.47849765144659623,1.2931788753902749
0.8049110084365506,0.47787606798765475,1.1972304748936606
0.9603730755810055,0.538400203271405,1.2218087220444158
1.0136477434586093,0.5808073417406862,1.3051568564817284
0.8944768936961683,0.4695752435479439,1.2209316679909998
0.8522362078456416,0.41023758621667183,1.1681947845261953
0.7808190739109763,0.4602858245850619,1.0977270250185862
0.79763186767843,0.41014366801917895,1.1309943588849656
0.8294996658065186,0.4767931776346937,1.1536679752305539
0.8021677383161552,0.43396684114231737,1.0947094278461635
0.8099188160871238,0.43258345928327824,1.149832841918128
0.8254940460757609,0.5006654270757382,1.1430563901507205
0.8267164751145161,0.4474248101075935,1.0786765719074227
0.8241643269202603,0.4117611018404456,1.0740065833993364
0.8551782264102327,0.445986376228197,1.0968792486889
0.9699658636390454,0.4871284758081902,1.0740763003731622
0.7524221871415901,0.39299718746211704,1.0954046584003123
0.9029689062108466,0.4888427801860331,1.2059526607019868
0.8654290095454346,0.4849936395107928,1.1425201748571725
0.838554896834473,0.467875947341514,1.1456009231264703
0.7968638816353396,0.4334297235276566,1.1040586391827418
0.7969952878003098,0.4855696206439911,1.1141170337780222
0.7970136315759424,0.3938041114005506,1.0247519961538316
0.8477206930635824,0.42918668396269766,1.1545109855263944
0.78259708927074,0.4489653316569103,1.1609050865054356
0.8467821080854666,0.4177244580190404,1.0706978157868743
0.8672393219762026,0.4268697481626427,1.1539823746680553
0.8863209017445608,0.41690762803046927,1.2196231363370946
0.8585572563526106,0.4741763795504353,1.1675773812776329
0.8460800246553343,0.39892377851001765,1.1128371280996385
0.8488828306144378,0.4116963635273957,1.072887100929806
0.8780166876768583,0.5048904558457861,1.065054888016672
0.9648723013123185,0.5605095851383022,1.1875294157387324
0.9732983593191066,0.4771235313948644,1.223103535763048
0.8576766501688142,0.467792613836501,1.1675454948346184
0.8439683900348478,0.5382286453489687,1.168529387395696
0.8641114988186323,0.42494404925837553,1.1227593390295154
0.7987896988959253,0.3869157928422316,1.173928564534194
0.8948561928601066,0.4651673835459108,1.1560848540718391
0.9063768881493787,0.46003099474860754,1.1189149534140164
0.8788623259843201,0.44843986123212726,1.0713248721805755
0.9139236360697308,0.41944049044144976,1.1226189123050743
0.8595693567352826,0.3820368407658784,1.1417261741023692
0.8767257600576263,0.4112317118152958,1.1378539336525075
0.8864295135695814,0.4924861079356897,1.2526238565840584
0.8700613588788186,0.3986467852027341,1.1185088559277934
0.8685150329285474,0.42753932620992063,1.097870880572562
0.8194652678430513,0.4568184731772733,1.128939011819065
0.8139574934528273,0.4870172199907971,1.1483916409712922
0.8150779413122358,0.40627046524170596,1.1278136426378722
0.8192543128852442,0.3704423256322408,1.1726305208111227
0.9857100528990668,0.4624995189668292,1.1940159791113882
0.8118279080431594,0.394484372106881,1.0602560969469879
0.7773001101714113,0.4310028817762847,1.1268719460025314
0.8285825866062413,0.3824641155203596,1.160110637118287
0.8809166190680539,0.509520434588033,1.048474311100869
0.8803638772139509,0.49219699205592443,1.0747544889005831
0.8563582135423032,0.4357467023787663,1.0517311036145143
0.8374296104933597,0.4215166331170538,1.1357697032704928
0.8164390083884681,0.3774050304115164,1.0973311771747434
0.8477173678304507,0.4378642333836957,1.1157382241409515
0.9353311184964361,0.43523194991731945,1.1892616874101185
0.7935588311397641,0.4096552476187495,1.173086037769312
0.9402134024099245,0.495726784115743,1.1665819163138595
0.7993137389738199,0.39292488863021335,1.0325550364787486
0.8857541934613179,0.5157569165893017,1.0868345920277782
0.9676264182161595,0.4502024833856792,1.2001102305094218
0.8893713658928786,0.42214248717197234,1.1582931249096815
0.8252544828787861,0.49149671004609374,1.1995466561195471
0.7995583543025441,0.4324078027342107,1.1334417970504247
0.9132226663465223,0.5327148939920733,1.066511821065223
0.8125238920936683,0.40560649188910064,1.1728791267335927
0.8674631941158774,0.4312682263758118,1.0713809641477783
0.9316398573492363,0.4266572692319145,1.179327349192719
0.8275819215720187,0.45581229111091953,1.1673826116881514
0.9731945022133188,0.5079352604805077,1.1663695514115262
0.9718418037711919,0.42449027777501314,1.173626962336468
0.9117690083334524,0.44927854341318446,1.1657166603948725
0.8140066617121796,0.4377386096531267,1.0751297041773498
0.8686946367514061,0.48083160019611676,1.2145170926905728
0.8448430318749679,0.41460876512723305,1.1582171500074538
0.7957213448380684,0.428111606951213,1.0309230062623362
0.8466685760006767,0.4324446417699301,1.1034028792640374
0.8083512241962902,0.5061318129900333,1.1356939416671044
0.8376235579402843,0.44134147373457217,1.1034408087758163
1.0171385351359263,0.4224423848870398,1.1942273689258154
0.8783009686576777,0.40426595054938563,1.1451951698768936
0.9252981308659444,0.3856553070502765,1.2216763653758553
0.8663262331178841,0.49349045973877464,1.1805565109065808
0.851052598597365,0.4444956756114194,1.0643751655736897
0.8300406810551576,0.43116836824903776,1.1007683472489456
0.8938420002015951,0.41824297707550984,1.1153606489815657
0.8826727143679988,0.46958458557447946,1.0765685406304086
0.794476112426034,0.3669037879194813,1.127925130952116
0.8850107006590637,0.35839009607443667,1.1587647744810656
0.894072228658378,0.46837544243519985,1.187549818679315
0.9706664176963324,0.3984962038773752,1.1734163917916005
0.8940308203830333,0.4136337812395622,1.2892218993173519
0.8785076046251461,0.43385998803693626,1.0847508291978767
0.7464149467142288,0.39156219539551484,1.0478313687848102
0.9441311922866844,0.4819727712055776,1.1912265094791308
0.8517865030858598,0.44752226712835247,1.1097116795790785
0.8140212664660761,0.4079365625160201,1.1218620093096816
0.8505160407520133,0.3990262484186676,1.1085687022733794
0.8290832850787306,0.4757290539791427,1.25082908644426
0.8442092919288687,0.43308302639492113,1.0716803151577206
0.816937857579453,0.42696268211931127,1.0762685683083992
0.765989875282685,0.41376243560089354,1.0641799870800548
0.8859278351271019,0.4975535053394644,1.0416976073101138
0.8843967591910634,0.4668219011136565,1.2304238900068107
0.8042469790556851,0.4166126544649709,1.0403797951021407
0.7812519594695426,0.42260822298832235,1.1452475328869376
0.7369470995132246,0.5813607930960877,1.2114478499276122
0.8868921416113975,0.4268566854674913,1.2486657891009127
0.8695334943298765,0.4486792026878349,1.1379541377778732
0.8520140020300385,0.4603488699571727,1.158799362809969
0.8510214651986057,0.42190169170609826,1.075596032985657
0.8238437547206297,0.41164092499072585,1.0286594056323266
0.9599497703990076,0.5906019644292816,1.1395043273732686
0.8501526980924089,0.4580289960162447,1.0651204564517718
0.6814073385480621,0.4229210542115984,1.0987747829764112
0.7832854270535357,0.4553066770204026,1.1321819058291782
0.8197689541765021,0.3704309184947305,1.156926409944116
0.8480163874408421,0.4352226394331596,1.1491151203725642
0.7799862217858907,0.37196380546074403,1.0868852352026133
0.7780728658862793,0.39516273550335673,1.0477855091706074
0.8012445787606797,0.39730349627988787,1.1436214874312345
0.9548242763214908,0.44599664095203834,1.118413061623241
0.786179240921272,0.41535047007854076,1.1462689445300165
0.8728810406256824,0.46785863121754345,1.220812354327019
0.8420577991194408,0.3956249865421267,1.1259708831154551
0.8809095889312348,0.4179596884526071,1.2082877867819484
0.9474995231635809,0.4297391341489684,1.1565223031189151
0.8806764538382006,0.38505236912986074,1.2474811230064902
0.8269236768013624,0.42428076378817775,1.2562270455044158
0.7735553098188169,0.4176091409065331,1.039988854527045
0.8873251882126875,0.3958990612240288,1.1673921311678659
0.8206986547835657,0.38687183283288734,1.1811325628723317
0.8236556364362845,0.4061677959714872,1.176119368812383
1.0871340043557727,0.5446734977182375,1.19254220520654
0.8133874948326607,0.40675971785890674,1.1571697183706027
0.8070812087765304,0.48677268057157363,1.0899149057534339
0.8917351303790306,0.43061576908554805,1.0580870702218002
0.778238213518937,0.41495582023129074,1.0625419024465577
0.8375913723834021,0.5017642302227204,1.1129295273266548
0.8597277290110756,0.4060337962323222,1.1058624542645572
1.1169518053725898,0.6143278992861634,1.1669931356323324
0.8937092255647334,0.45214521612164355,1.012756074103394
0.737994326526599,0.3838722569795533,1.0262404949826622
0.8795192672334752,0.43860320160258215,1.06452148587576
0.7866637931847672,0.42739166067436035,1.11832016874514
0.8089621555024118,0.4387742016662548,1.1425788387241462
0.8252173534698403,0.3985007493390005,1.2285143693183112
0.9285798921598365,0.4888371011362553,1.0792884227040833
0.8064280715618747,0.410370386083699,1.080606709147578
0.8677189460630561,0.4059655697148665,1.0597422095978182
0.8187618873689675,0.46122445329850253,1.0512304715327088
0.8863093975563666,0.4079665224498711,1.1718687654397144
0.7949770282533054,0.3944159667622521,1.0852944003872305
0.9035176317605151,0.48053196267505044,1.2161741982210807
0.891357573804441,0.49547098374743426,1.1510855158005822
0.8067287262399412,0.4225642209875191,1.1294671172340731
0.8442100842337097,0.44455152262897984,1.0990449674626588
0.8750601247017368,0.4254560919668337,1.1716097469300826
0.9203752701173351,0.39122030323862733,1.076752773388592
0.8802676567792767,0.40968742281113457,1.0716674173341567
0.83179649166574,0.4340915916606673,1.158439924132724
0.9286583927503107,0.4525297795235073,1.1500405220287775
0.857466384004149,0.4299149298016097,1.1143729997641487
0.7980902890583741,0.3675430616027562,1.1288396373129734
0.8421303446048601,0.4995105358298167,1.099926850733031
0.864440884727203,0.44787230596888467,1.1367938757092786
0.8506423354624714,0.5928032015870885,1.195791178004847
1.1031803536619775,0.4696746156062761,1.258511630395828
0.8404296260541216,0.3966211587180516,1.127607018300416
0.8800232791558265,0.42635568514379285,1.0761864894731386
0.7991769357964107,0.589885026845285,1.3431664588168537
0.902151583602545,0.46068664781984225,1.1925955452161765
0.8627181347051596,0.4321001451766325,1.1945268345758973
0.9252799175333893,0.41779152725900714,1.1138486482671293
0.7997396714174203,0.4483768378954541,1.071473849785566
0.8948741116509609,0.5229563735471041,1.0778593698899428
0.761640036322267,0.46574822218436884,1.201671979080172
0.8684455765454135,0.4419411974293722,1.1119100163060558
0.8645998258357653,0.46663299908661,1.213831527365296
0.7826715375683322,0.37251307307595544,1.1385592792826909
0.8764246267600272,0.44415080340492896,1.2144729124741331
0.8617731772653242,0.46067416751605605,1.1522796234120485
0.8509274178488869,0.3787083752057198,1.1896287673059935
0.7987755288890447,0.44141369674517894,1.1654866297593773
0.8514302589738998,0.40846270426032827,1.135297179003516
0.81884767943455,0.41226654080376046,1.0658452023470384
0.8477507630771661,0.47411186019103846,1.1459647673348954
0.8278511057776452,0.41368978079319996,1.1870885931952289
0.8487630259478532,0.40369909506493606,1.128516215150143
0.7819292455513847,0.38767415343247286,1.0340168060604593
0.7767409398041707,0.42625312512075725,1.1035752194791706
0.8286333998669515,0.43222190840235125,1.2241990315942792
0.8757367159756632,0.427766808156563,1.0901982561697223
0.8303310426001604,0.4356511542982169,1.1280891310696064
0.8129691361892848,0.4132174086051682,1.1111644308730388
0.8859166703939978,0.4815674341006402,1.254478789993269
1.0837953632256216,0.4578990392434984,1.3916952127390856
0.8295399544503785,0.41847674309875194,1.1130453650441803
0.878110781819777,0.4344473066102512,1.186465963258457
0.8061733454144121,0.39378903605228704,1.0717705860607232
0.8903045524408053,0.4506722920550916,1.0034217737567437
0.7570612803031875,0.38008244695799087,1.079324287868837
0.9152251845325098,0.47122171835338106,1.116334051378105
0.8597392825187159,0.4560794130647103,1.1517369758454137
0.8722340603550379,0.39947704781075727,1.1888452214742347
0.8455091115932563,0.514095893814694,1.0673482632318017
1.081444400350281,0.6124857150613556,1.2064050333771041
0.8025747223176921,0.39061876988221067,1.148384313648254
0.7626883632626679,0.3989117854679062,1.0666576097227316
0.7836067849562324,0.3584130352136924,1.0861557786874394
0.8755205468124797,0.39399799200184965,1.1821011741040783
0.8882627572239173,0.42771844277720866,1.1585707315593317
0.6839014697528499,0.448270010508031,1.0414805264303144
0.912492481346404,0.575358302920494,1.1151241067940374
0.9150830594811512,0.46335355797724215,1.1556007626372822
0.7992746098586645,0.5415396614175667,1.1514369622972942
0.812831953889058,0.3875214799289685,1.1277033321550682
0.8319934876540866,0.3842199170633543,1.227631030877363
0.8132537789732011,0.43999441318798155,1.0507765497836294
0.7273907734256579,0.40928362480119557,1.0915446085517841
0.9096427051067066,0.4126466363694728,1.1877451343467509
0.7568857779622278,0.43699136126737986,1.0918314406474197
0.8544955411144172,0.45966990714459344,1.11065508306004
0.9179643092896804,0.44511489623224315,1.0849742905262227
0.7832047905491333,0.46913999854731253,1.1118941755045315
0.8410924735310933,0.43874391682898556,1.1429244786065875
0.8779914141673079,0.4309095268030187,1.1376824545735442
0.8154629598962612,0.4374571672507663,1.1833460000003122
0.9543113149440189,0.6172989057812681,1.177255868987945
0.8464106318920116,0.3746637241240699,1.1302681537963024
0.7414465181227547,0.45067325632705707,1.1746241563317352
0.9369764748373965,0.4739764499878769,1.3398902089673854
0.7595960079813449,0.4200989974277907,1.0370399463249962
0.8118596230916136,0.4157953729230375,1.0687356524425038
0.8885578933665834,0.48000031964752915,1.1344276549228687
0.8717094658427189,0.5663119386114566,1.1560274297230095
0.7719232568875701,0.4067153539712719,1.0903957234826285
0.8522846443259601,0.4104296669568492,1.1541847705329158
0.8914990921798646,0.4217475579020631,1.2532060744502942
0.8397263734035487,0.4415851825936683,1.0780328238755892
0.8209356383617836,0.4653118724804954,1.1414036647792238
0.7614444798760849,0.4541539045795211,1.1558676241491914
0.7708299452762563,0.40598694248383543,1.1020906225718545
0.7485213223316834,0.41528213938060626,1.1091768021893116
0.7801359564054954,0.40232865818086655,1.1437473746139748
0.7840934877902055,0.3832208949812608,1.1040852537251917
0.9119507026048826,0.45610293281936654,1.196473730363647
0.87670562737032,0.40999521272278755,1.1079655294630752
0.9520356931883358,0.473331512623217,1.0876627944786867
0.8964193762721363,0.48125882952820664,1.0948805639665755
0.8511627614501204,0.40756628921872023,1.1647918245350795
0.9030197165341035,0.4644541594065514,1.1242630271252618
0.8058414362396518,0.4056714670582174,1.156902357242241
0.7579977435861107,0.4602870605180161,1.0446798362680825
0.8351757930712802,0.38574126002945885,1.1166942198161702
0.7774018162803074,0.4506539774695015,1.1822084965382862
0.7234099725541924,0.38437264070915617,1.0855614570626775
0.9251592628964749,0.4426375271277716,1.1791716235087744
0.8523384430465816,0.3905029073346419,1.159647548554755
0.8282637252182269,0.44927629528208307,1.2117556965570344
0.8332332886152247,0.4984969363162305,1.16005214010973
0.8958617762203388,0.417995187155232,1.1397126219847695
0.8186083579619126,0.4475600569761686,1.086391823728811
0.8605505388469162,0.4375988827190977,1.0746732918213904
0.7683708597635565,0.4049781677351955,1.0773469618498541
0.8400079426209448,0.47229335814122186,1.1244222740945384
0.825561977758194,0.46281618574347777,1.1499965463525657
0.9072911872047104,0.4349262520222634,1.105087330867061
0.8721672542547576,0.4037305812696285,1.103553741851192
0.8439783407423229,0.4336798683967838,1.1960398094390443
0.9328273016737043,0.47151642009271555,1.1916131765931923
0.9943384417104877,0.560954010969518,1.143642277155495
0.9606763094032366,0.48445717752301487,1.142515296138998
0.8510197142507117,0.4517293571047139,1.0880675353615514
0.8579404451500268,0.39476816319783636,1.146974204600861
0.9836164506039313,0.5074451865100241,1.101029417385086
0.7994269602839192,0.4029536790827324,1.0775224315405802
0.7457179071541903,0.5148082615334731,1.2370238519941668
0.7923982409156456,0.37976890369350147,1.0450366752298144
0.8842403739160886,0.4664083530484181,1.0664662195815888
0.9966095229442014,0.3724714593918969,1.2859663036603493
0.8921493854799981,0.48176228086933287,1.2263741502463799
0.940668887848551,0.40076154361071065,1.2717676596592697
0.781444302012329,0.418094971544216,1.100599409274873
0.8396541179727379,0.4684636723729922,1.1871420724724706
0.8923428370984123,0.40754403383032634,1.1585986237376762
0.7414456161214361,0.397931361905,1.0584375209288754
0.8843874493813306,0.42592230684515564,1.0774700222225837
0.8987370732620011,0.39612325604581533,1.0635601189343973
0.7681120892497233,0.4456052902896454,1.1063812955085337
0.8678174353777115,0.4290873212221473,1.056239046429012
0.7695940298520607,0.42834791181735693,1.207026379052109
0.7451849995782118,0.4458184175326599,1.0430336533092421
0.9575733350468978,0.4304946420097006,1.3124452057658031
0.8649064677168697,0.4399907994485766,1.0259799623796122
0.8131742365678405,0.45863361235601763,1.1837259871027759
0.8640728776470793,0.3878992308204189,1.0565637098660146
0.8643792969001206,0.45430503844883563,1.0255923110394247
0.8886225443282761,0.4010193547161048,1.0326602001945706
0.7705844238622166,0.40844215934224165,1.1201575649858546
0.8238618834655305,0.4825176198072113,1.0836762317825188
0.8402589638453272,0.40499330044609216,1.157238568317658
0.9471250283048872,0.4128985985386269,1.143877897312968
0.7512598203430421,0.4356808556034463,1.0784646492208416
0.855147390590583,0.43736156112299324,1.1989860096769709
0.885330672116274,0.4608264793619457,1.195443591315409
0.8710979811299074,0.44999447284847266,1.1446233077481747
0.849643783229554,0.4402020152502864,1.116218614239205
0.8633321986024892,0.41617862389216154,1.182166860411104
0.7839963277597323,0.3615859105182572,1.055125246264956
0.9989423895604774,0.42721262159265905,1.092322283009333
0.8100737177662359,0.4034904528049382,1.1252597657069552
0.7708847062311567,0.41632493930795333,1.1008159820962116
0.9221110613700978,0.42478128414056393,1.067842028012846
0.8227569309005,0.4356617346455818,1.1237116345114155
0.8732462526293931,0.41561939385002095,1.0862290821019323
0.889432991010636,0.4935137481463097,1.0431462254297483
0.8165164506057343,0.42418709795999276,1.1042947352741463
0.822790243495388,0.4290544515387098,1.0849933686108968
0.9578279509012416,0.546988065685116,1.2220405014328841
0.8942758393122252,0.4397619622769442,1.2931744775976455
0.7507729712286928,0.39577384859322695,1.0645131228175833
0.7937888732561219,0.41684220980583225,1.0631352905280407
0.933422502681768,0.4331169136473214,1.0918083211530798
0.9093193431261574,0.4211150790324062,1.0430870738291214
0.8295086315947072,0.4221311609071312,1.0822814281364408
0.8380881765931787,0.3838689729889822,1.1271067724384265
0.877085732803891,0.483733763694254,1.1196568504340025
0.9512947238834322,0.4727107120433355,1.1760782317647147
0.8834803401657897,0.4776839067707326,1.0551486455543553
0.817144661490958,0.3921387967671447,1.1362930314041688
0.8722835628760799,0.5014366163955546,1.2506558347924066
0.8659587078391374,0.37640732006599614,1.108877276401505
0.8818065578848003,0.43798013595142,1.1137732624910954
1.0698767965794054,0.5418842964752353,1.2838824470245265
0.9304582987402391,0.40778891605492174,1.106165096621599
0.7848245452025147,0.44096018896758477,1.0900595987402946
0.8548227515203621,0.3814185053651481,1.2305346347538295
0.824333627933117,0.4790459983047642,1.1321946895833142
0.7730431141564963,0.385750043680069,1.043397550642778
0.9329232760452505,0.46281975535421915,1.1350511688554539
0.9180524471080874,0.5371814846852525,1.186332432020273
0.9108921257226058,0.51948381644944,1.1264141181718148
0.7933292794040625,0.39969722624977055,1.1334804563772676
0.9999877187208341,0.5351129904598892,1.0529892794407378
0.8554059545141881,0.423825952183967,1.0442308918392027
0.819801546432201,0.3733489590000539,1.200559274435189
0.9101478988626899,0.48002430387276174,1.1275135219342578
0.8664383098086297,0.4870148666684625,1.070553873070353
0.8707011556579614,0.4819245002422102,1.1159900057721548
0.8794621706392419,0.4919351685575076,1.2019353045432297
0.7595011162975045,0.40150357448298324,1.0960328233061962
0.8753815725762093,0.4541607141424244,1.0775038007984372
0.8621990714710688,0.5051842931824112,1.169753619221495
0.7837985008165494,0.384140198167729,1.0874309151865618
0.8113140970899095,0.37340082093718696,1.1074780244179498
0.8394804714857644,0.3898075183319457,1.1504526316119745
0.7225347005919138,0.4291737836504907,1.133070426885579
0.8334277575905864,0.3969575905581371,1.108134714024832
0.8719158281966919,0.40033548161354626,1.09272316792109
0.8806886369034616,0.5213080430411993,1.1194376214977202
0.987091326513499,0.4264948730672815,1.302621225972136
0.8941334872990686,0.4530186344266166,1.0540053684008885
0.7683408334219737,0.4488135058291818,1.1811207821247949
0.9312334940306091,0.3970732268259254,1.2083441726531583
0.8780639172337656,0.4064185697298712,1.092738050282282
0.8264714625902086,0.4557900916875624,1.199764493110428
0.9403387840835047,0.41269743671790965,1.1909730412893746
0.8921162783141479,0.4519732115232391,1.209801797704287
0.9143412438227395,0.4729887548615484,1.2578092708602464
0.7820344896440181,0.5778395501819463,1.374304507318298
0.7740109386444923,0.375466982604629,1.0153662779831119
0.8275757781820028,0.37935070325462855,1.1462676305852897
0.8900748482199331,0.4559255085136323,1.1906741939501027
0.8679962762510255,0.3985008499813144,1.1734611537790347
0.8034224642891673,0.38654931900677636,1.1538495290429331
0.8499649907379644,0.398649714537087,1.100957597547571
0.7741888502772459,0.4706317471418608,1.1191908958949035
0.7951891059402116,0.42357632573300436,1.0064383158058752
0.9156197483828135,0.48323852479769186,1.150534859381271
0.8219511844674453,0.41852595320501723,1.0588372757422373
0.8684856941251868,0.41471556999777204,1.133817064054565
0.8183209529889584,0.39489099658935384,1.1212396707058938
0.8337576035116879,0.5165586693376334,1.1887508653909071
0.8040567363070867,0.40966870738094924,1.085411450344771
0.8094385624280501,0.414466126276279,1.1417613923578636
0.8969020673232307,0.40310220090256843,1.2466381395233124
0.9204472981569357,0.43925356166885704,1.1879809362145
0.911613616873114,0.42755575703216864,1.1362549143776768
0.7579161248981859,0.42481814069569,1.1420887853965216
0.8697817374915053,0.40358601036984304,1.1272591251945179
0.7799814192815236,0.45163436654446276,1.1684049096669429
0.7965128070564262,0.4217915135217906,1.040893427685771
0.9834264649431256,0.47470424822976176,1.1216406349253114
0.9367774962997859,0.48013051994400496,1.1276912508098358
0.8363255004817067,0.4496493297228715,1.1115369401610455
0.7493320717495215,0.37883806502404294,1.1084144151224624
0.8383811769099011,0.45690823834194627,1.1948906175142744
0.8418300477921128,0.40207747825506274,1.1311817176788266
0.9716896331381986,0.398647289084122,1.1844733504148102
0.9675348221290183,0.47712619528786,1.1278851301760333
0.8447973603390942,0.4277673194488723,1.11450255364329
0.7513843954460548,0.4720267572326304,1.1835550943768764
0.8062457853532851,0.3952340869904046,1.133096869577802
0.8230705985281609,0.5146398204207122,1.156616823268629
0.8767644305481681,0.4235815657778703,1.2339270098850068
0.842565559691497,0.4192028761705178,1.0749717630126867
0.8279631533102504,0.44490607759068534,1.2228609570823392
0.8098927320694419,0.42438889884351966,1.1039451416449537
0.9344040349581403,0.5964479793607097,1.1058318766558648
0.779321964104761,0.46289204294922276,1.1002175250377872
0.7776037387071627,0.43370328963448146,1.1744594595408422
0.898332884099522,0.4328236998648048,1.1183681185753518
0.7563314724562501,0.45428088261376687,1.1328149001314733
0.7935485225853589,0.4638746543359597,1.070286848963056
0.8254238427176765,0.4783859278165879,1.181364488019282
0.84486752618024,0.47132341180287096,1.1591922861927324
0.7852080550558749,0.40975681880718495,1.0584719944487235
0.869729976525443,0.5206111912646194,1.2377471856121713
0.8171595342114782,0.4716620767380706,1.1790083369547502
1.0329695496696012,0.3992968609531719,1.376979956023174
0.9622987327869141,0.4262582705226081,1.2910646776288555
0.7825419230749262,0.3932975257620943,1.0083563960878774
0.8900277292695493,0.5839588563032608,1.1162381854593328
0.8182969535201485,0.49310366137397177,1.1037778848396165
0.975090499331733,0.5666707173311958,1.1293902430559792
0.7873131648974603,0.42291663508379407,1.1243100758180078
0.8269366605701838,0.441397324191792,1.170858133636773
0.8087959511609418,0.4480999494066554,1.1180923444679487
0.8353022857562385,0.38832967428543214,1.1251439473395626
0.9099646046956553,0.4448209328240214,1.200952256421986
0.8049405122707627,0.3829200100747828,1.1562809186565486
0.8882798062781607,0.45094109118629333,1.086294098363545
1.0086806083305708,0.49764622880946735,1.3194126457846829
0.9580537958876922,0.524397528937878,1.0231822598142264
1.0182169470131923,0.5142519169670072,1.1540998306500683
0.8609217723228827,0.46215106870161843,1.129854160103063
0.8456210466909697,0.4351553783752763,1.1440372704453587
0.8039260824405514,0.4218018441347346,1.0911552491781742
0.7932477058855083,0.3920949064823134,1.1384415565124286
0.8571892558201878,0.4461095626816855,1.0583595603895593
0.9357088231290925,0.4802636765863195,1.1391016863618644
0.8424144870451515,0.4580557630833783,1.1737975992894314
0.8524934640120003,0.38537897146953654,1.2099280693123684
0.9139580679540573,0.5221589431244638,1.3336087389468696
0.782366681178715,0.4272160244059072,1.160008728895574
0.8266613017140416,0.44600449696733574,1.0574190125772667
0.8771422259491728,0.42927282447483656,1.079364869942321
0.8906432101165006,0.4501554129331722,1.1157863546033142
0.9074270379490207,0.45805771859833694,1.1056533056909184
0.875722689458,0.4298780856710058,1.1972602442427664
0.7904830950560203,0.4163588313342699,1.0188558175600047
0.8273839359872285,0.4005726442033441,1.068907937566523
0.8048522314715486,0.445322716028085,1.1234726573559977
0.8605493057994383,0.4861065033331347,1.1752542040498135
0.8683154867622801,0.507765436433325,1.0859367634448442
1.003724944752764,0.5575656165184966,1.0837908093705162
0.8387148107869414,0.4444372546113491,1.169817671059734
0.8452178043375492,0.4615679312051935,1.1405546815234002
0.9174734384550453,0.4229850437529705,1.202203980669888
0.8271853737848982,0.3719470201746638,1.094968779193559
0.8643645281385641,0.4192568176856633,1.1821383756960417
0.8028389131058183,0.453824904567246,1.2085086208188753
0.8355970297462423,0.4652812380944178,1.0880247377024364
0.8676274732162598,0.38030172262516493,1.1922110176434588
0.8695646882817389,0.43454905894792617,1.0483635492868817
0.8565993755431087,0.4075525963604103,1.1289126379220875
0.8042831728500653,0.4164177400879952,1.0458635303472144
0.8389297014169093,0.44781304329100824,1.1535824679977869
0.8182757612749267,0.4277135234434029,1.0937279134272906
0.7684535224102306,0.44116554698587945,1.1741096028101994
0.7425817074192047,0.3692270422611301,1.0536942793876316
0.8422784474717501,0.4222154458158927,1.1703624428956223
0.831183786722807,0.4490510126203163,1.1193835283955786
0.7851414535428285,0.41544079330580225,1.1962767299241874
0.830536132899173,0.39624567943083083,1.1932998248266833
0.7573624948225204,0.40506279433349546,1.1282255227852034
0.892706984702591,0.5127648341387038,1.1120829995380228
0.8072695698583773,0.3915284666613512,1.0353174447698066
0.8139236163944701,0.47570680396873705,1.2749223628170165
0.8266058295047878,0.392840707596485,1.0943436867084029
0.9002377995910174,0.45362188845594537,1.1163227651915046
0.9712984094456977,0.43083080091121917,1.166745873976994
0.8958265323336447,0.43980254279043,1.0747171492077408
0.9497964963512561,0.46869655661698106,1.2687470546217905
0.84963008821968,0.4474081046754366,1.1476949137980235
0.8528227305444165,0.441057396616896,1.1062224445168247
0.7924547049521752,0.406765510734773,1.056537054831295
0.849982169780058,0.4426396004235552,1.100338408062516
0.792263025277759,0.40247148765115154,1.0771399639576371
0.8678185327566491,0.48009097900314635,1.073529765130761
0.88221428582641,0.47112723741651946,1.1239755840737733
0.7946715423616433,0.37388742556729176,1.102908258561895
0.8003250256744379,0.4119798836839277,1.1169439436501725
0.8172756275267772,0.36466974233002303,1.1288561823284833
0.8462599364144138,0.5171946973060744,1.1459434614927675
0.8440234048423055,0.46303913399241375,1.1729314375106208
0.7992246804241888,0.4191320461326026,1.05389226340959
0.8477992017653567,0.45323442950600695,1.175483941416517
0.8694902120490262,0.46562213197046665,1.257988543811602
0.8280596859735546,0.4976610959408829,1.0099687993984585
0.8672767593141151,0.43153215346323015,1.1413444639144452
0.8258112303885362,0.41418714228671044,1.0490247580001257
0.884411470063675,0.41741413170390623,1.1030926416519415
0.8201324924045428,0.4386379498209716,1.1156735350767082
0.9072613879155884,0.44500222898731884,1.1051538004513575
0.9156893598247964,0.41872626708613353,1.0863106748594655
0.8208447961846638,0.42976949558218475,1.07789774642471
0.8516613842831492,0.43387525833696,1.129059097983825
0.8145498326686026,0.4056153881807358,1.1267275689500467
0.7657329997420159,0.4284376175251902,1.1181427712454504
0.848417667270126,0.47055763925806066,1.1775224558100919
0.8445640032293004,0.4751172624687913,1.0654036795969921
0.9718546878637024,0.5207593460977923,1.095659279266308
0.799940705287494,0.3650134498258168,1.0295626498929016
0.8921184002535849,0.4395208643724106,1.1183371122578134
0.7456336813367128,0.40605734653052034,1.1075370618305864
0.8032285433228403,0.44153610706109436,1.1297547995280723
0.7278420695222872,0.46189122462636933,1.1889788194060944
0.8261331815055426,0.3982634466087089,1.1328473429829278
0.8267462423212885,0.4063838747716604,1.1608845570672643
0.8405734785455065,0.40240022982540247,1.2076069564929222
0.8570482882924625,0.40899336565713346,1.1035716731854075
0.7927694982391765,0.4299221797705689,1.181489715267518
0.9060147901227228,0.4644850697906256,1.0681897825778077
0.8455442181918855,0.40025835401648113,1.152269393034925
0.8971547622716651,0.515849412500546,1.0677761655263938
0.8596873623116135,0.420567797518483,1.203766854289443
0.8767535300686786,0.41963288677489635,1.260171468579411
0.9066120992568505,0.4646988383227506,1.1874273954687349
0.9601559821519259,0.5034331212479859,1.126555799432427
0.7838624074894431,0.3699336565052593,1.1482671170511904
0.9021367297524067,0.4237759137202037,1.089327950125459
0.728223153261386,0.39048263431720986,1.1119326181238056
0.98654032134264,0.3955440433349407,1.121408151543332
0.8025171571228693,0.5678489698692443,1.2361569693021828
0.8252821170452742,0.38325582621513704,1.1218259518172893
0.7933668152292365,0.44763067669524054,1.1042141865515798
0.7399185012495142,0.4141368583024515,1.0963456900463664
0.8983422243946924,0.40178543152529755,1.2073135482347284
0.8490536543320021,0.4971945593932602,1.1198384284226963
0.8104586728189782,0.41842350497801906,1.084734728247176
0.8233241924082806,0.41480324023356224,1.1031611985555216
0.9040679636936693,0.502937403723266,1.2758323678534103
0.7976378458925824,0.4818048103352542,1.1639922068375794
0.8468742152558046,0.45851148465650005,1.1587715780881287
0.7500125066908542,0.4199896864503531,1.1262641321037092
0.9025407329565561,0.40899568259751135,1.0881945204840124
0.9222999565889557,0.5655725258153181,1.2767950257020177
0.7488093099783814,0.4474488160208458,1.04971141662139
0.9136419186528311,0.5058317444434414,1.1911411328086834
0.8484546793605722,0.40858190272931905,1.1526575531528997
0.7922384953303523,0.48621381168363276,1.0763266550786152
0.8548483814663991,0.4334194869459842,1.1913108196636593
0.8917761743096011,0.5137917807154244,1.1555028821514566
0.8550754807096967,0.5123786533463125,1.0431736046846651
0.8630259202256256,0.40918338570625246,1.1044864826601581
0.7557446389086873,0.34740945336194556,1.0548579688874078
0.8884180374785475,0.48920655366185345,1.2274509082828582
0.8779945382487605,0.4424724548188867,1.3308785895164839
0.8626547859644421,0.3758714631529078,1.1670595804395625
0.921271005054206,0.45970716969070025,1.126787702532914
0.764350648944487,0.39325205061802626,1.1147945403755584
0.8505067297128742,0.41304858207913187,1.1579914267836158
0.7482078942795801,0.4281053971723839,1.1160864765527376
0.82252135155621,0.46655364128859894,1.1448143662738877
0.8418694090854826,0.4530044649461125,1.1939004140973668
0.8362556694629911,0.45948922918046253,1.0923189221372478
0.8548555886781818,0.4487054643901426,1.1045188449821803
0.8399151402738291,0.3909424897069176,1.0435739509963762
0.8109399091492251,0.4590021040267127,1.1097527118863986
0.891731832038546,0.5161681113660548,1.1491834148976603
0.8655283116961382,0.47052221424181323,1.0989393913167946
0.7949924552508153,0.44027453100796665,1.0695257581787212
0.8386779724530558,0.3722356892587391,1.1737706500616472
0.9104817654281276,0.504041153116524,1.2175997479242489
0.8603553311468104,0.44361612145859924,1.185737127778756
0.7687899643641102,0.4039225330464085,1.1321654430586667
0.8627060017397075,0.461683470304768,1.1141555185967749
0.818826037552059,0.40381645608439815,1.0570436786385016
0.8350686809943684,0.3852814424528251,1.15947762937267
0.8495762627887489,0.43072224706561263,1.0495657682928838
0.907331233804829,0.48979319118068604,1.0920858494002728
0.843746377414254,0.46006771647282624,1.1381277257593796
0.8714453594814294,0.38841208417332806,1.1543195744056922
0.8855707505308724,0.466600454661502,1.0621274218034673
0.8550446992039302,0.4329668056206847,1.1238736506153884
0.9010135854964412,0.4006171134740799,1.2092827462889086
0.9181909345430568,0.44418818020107576,1.1614373742528281
1.0018764618436642,0.5187163981838705,1.1281925776000645
0.9874690066018106,0.5299541924267829,1.1223652162307283
0.8054921400219315,0.46983135026823436,1.1110593145800751
0.9492860844433504,0.4740156804578881,1.1534407644754687
0.9231515804068223,0.47798246092073643,1.0460423638576466
0.9400516734972287,0.4342179730227281,1.0949369868097825
0.9030633436625461,0.432005174911838,1.2072057273737424
0.9081401200008088,0.420316110065413,1.253495320318763
0.9843000118402708,0.4647167863336688,1.0698109381582452
0.8072950237372415,0.4039566900478525,1.1202709822098267
0.9102156538402625,0.4224267192962469,1.0967610445795168
0.8489772653491436,0.4204973569405612,1.1833141127602913
0.7483535619104744,0.4444109326537992,1.028057134371513
0.8361655277080997,0.43343739290626526,1.0814743050509499
0.9370832434393022,0.4808572604771358,1.3743875002696513
0.7788562873171688,0.40630650351620023,1.0937974169592526
0.8496647029648616,0.47776043407153596,1.1344834434195397
0.8772522340263066,0.44987787301496873,1.121102699684837
0.9565714794724787,0.45147632729179166,1.2850325718261963
0.8251045257313963,0.41271329021096115,1.118584561622849
0.797163845877806,0.37849937014760965,1.0698399008532895
0.8227973092915363,0.41657623838391056,1.1683229239015835
0.9170004894306325,0.4805706357237338,1.1078586462170807
0.8880010697148302,0.47728577369057346,1.094089894957332
0.8520020531782997,0.4008855390890192,1.2106961590382455
0.8632459779745686,0.39895142013218216,1.2036089591817216
0.7480420565816079,0.40692297020763096,1.048921736444948
0.9439333803116898,0.48456471598249434,1.1456750744823956
0.8508207325887822,0.4664714574166278,1.1359664613934546
0.7981580634665656,0.43622154500459526,1.1396079080978787
0.9216473778246013,0.4291795263501208,1.1452809135034807
