Group1,Group2
0.026355113,0.00300293
-0.020757976,0.002190451
-0.009764652,0.015728485
-0.028115931,0.009119396
-0.013974372,0.007190251
-0.006576598,0.00024401
-0.016270262,-0.048910378
-0.031647415,-0.028635604
-0.043803389,0.003208052
-0.034789983,-0.010112431
-0.021697824,0.014000341
-0.013752862,-0.001580184
-0.04062788,0.013708729
-0.054210316,0.009707639
-0.042533063,0.05018129
-0.010106708,0.058833849
-0.011665871,0.045855017
-0.005806151,-1.91E-05
-0.00880725,-0.05948126
-0.005498963,-0.017581242
,0.006555056
,0.013974428
,-0.038329029
,-0.027368045
,-0.1596949
,-0.202194769
,0.03897539
,0.001015806
,0.041031791
,0.032109454
,-0.036479896
,-0.018630525
,-0.010089976
,-0.03789929
,0.0329667
,0.029579836
,0.037327042
,0.029827048
,-0.001303752
,-0.046732698
,0.008263947
,0.016112954
,0.010767369
,-0.013317637
,-0.011705208
,-0.14702753
,-0.170699799
,0.032296038
,-0.001768327
,0.047449316
,0.048814104
,0.022847135
,-0.000814498
,-0.038838974
,-0.00133776
,0.014832024
,0.013011637
,-0.003137266
,-0.012468082
,-0.141833751
,-0.169537369
,0.033826072
,0.004386747
,0.039548519
,0.046626199
,0.02652735
,-0.001094492
,-0.051753721
,-0.03089167
,0.016940396
,0.014727815
,-0.026615869
,-0.017349014
,-0.150546288
,-0.177032585
,0.037627603
,0.000394041
,-0.015529818
,-0.018088676
,0.041827438
,0.033742084
,0.033599982
,-0.005381038
,0.00324956
,-0.011012029
,0.004318205
,0.006349356
,0.020597187
,-0.019200557
,-0.003156639
,-0.021118667
,-0.013852312
,-0.014790157
,-0.019439681
,-0.012532599
,-0.014954064
,-0.011074076
,0.026210062
,0.015529467
,-0.016341629
,-0.01354928
,0.019858575
,-0.012204522
,-0.005478642
,0.008931078
,-0.046197513
,-0.072729639
,-0.013438313
,0.032190033
,0.011648908
,0.08083729
,-0.051426231
,-0.025940486
,0.005427941
,-0.014225597
,0.144379036
,0.177464836
,0.001420401
,-0.032011066
,-0.029267809
,0.007085228
,-0.037449534
,-0.020794375
,-0.006007159
,0.007349184
,0.007144627
,-0.020311649
,-0.043196026
,-0.011198269
,0.032924847
,0.0098267
,0.052810748
,-0.04617039
,-0.016545509
,0.008076471
,-0.008425248
,0.133751533
,0.148819296
,0.000592956
,-0.021140676
,-0.045964665
,-0.055487546
,-0.01590653
,0.031133156
,-0.008424624
,0.049548519
,-0.039236293
,-0.016207255
,0.010825503
,-0.009998955
,0.133659089
,0.143250097
,0.003455787
,-0.021704348
,-0.029153862
,-0.053895787
,-0.014949776
,0.032611877
,0.004261332
,0.072899637
,-0.042972484
,-0.015264325
,0.007229778
,-0.018484321
,0.141422778
,0.154536469
,0.004760299
,-0.023426708
,-0.032087358
,0.013228785
,-0.063589812
,-0.057065092
,-0.049606349
,-0.028881118
,-0.033580519
,0.008191693
,-0.006298053
,-0.011712189
,-0.032788606
,-0.012917268
,-0.00339587
,-0.011280298
,0.035458834
,0.01963584
,0.000387415
,-0.016307591
,-0.015361441
,-0.00684331
,-0.022795664
,-0.000561284
,-0.025234599
,0.003887747
,0.014412066
,-0.025133355
,0.010432371
,0.000718429
,-0.034507544
,-0.010180465
,-0.03709305
,0.021696853
,-0.0287283
,0.038874604
,-0.017522284
,-0.009417081
,-0.000816204
,0.001591815
,-0.014168953
,-0.009549295
,-0.010669158
,-0.017286659
,-0.007139753
,-0.020753071
,-0.012782176
,-0.005349248
,-0.002496267
,-0.004886027
,-0.000722228
,-0.007084908
,-0.008372928
,-0.00851718
,0.022352238
,-0.019824696
,0.026958757
,-0.013495993
,-0.007098595
,0.008779323
,-0.001012177
,-0.012522742
,-0.007942448
,-0.010831023
,-0.014555507
,-0.023274767
,-0.001618797
,-0.009284427
,0.021993782
,-0.018540222
,0.043428086
,-0.012748664
,-0.006915898
,0.00816837
,-0.001184189
,-0.011912903
,-0.006895851
,-0.013767369
,-0.015065993
,-0.013889417
,-0.006343526
,-0.014278702
,0.022254586
,-0.0250142
,0.03509229
,-0.013926997
,-0.006516777
,0.005597083
,0.003054564
,-0.01280059
,-0.007524305
,-0.013369254
,-0.015609382
,-0.008781965
,-0.016279195
,-0.008797523
,-0.032411473
,-0.010613821
,-0.024217558
,-0.033711968
,-0.015901696
,-0.002189117
,-0.008767699
,0.020099335
,0.014139386
,-0.011873611
,-0.017131798
,0.035458834
,0.01963584
,0.000387415
,-0.016307591
,-0.015361441
,-0.00684331
,-0.022795664
,-0.000561284
,-0.025234599
,0.003887747
,0.014412066
,-0.025133355
,0.010432371
,0.000718429
,-0.034507544
,-0.010180465
,-0.03709305
,0.021696853
,-0.0287283
,0.038874604
,-0.017522284
,-0.009417081
,-0.000816204
,0.001591815
,-0.014168953
,-0.009549295
,-0.010669158
,-0.017286659
,-0.007139753
,-0.020753071
,-0.012782176
,-0.005349248
,-0.002496267
,-0.004886027
,-0.000722228
,-0.007084908
,-0.008372928
,-0.00851718
,0.022352238
,-0.019824696
,0.026958757
,-0.013495993
,-0.007098595
,0.008779323
,-0.001012177
,-0.012522742
,-0.007942448
,-0.010831023
,-0.014555507
,-0.023274767
,-0.001618797
,-0.009284427
,0.021993782
,-0.018540222
,0.043428086
,-0.012748664
,-0.006915898
,0.00816837
,-0.001184189
,-0.011912903
,-0.006895851
,-0.013767369
,-0.015065993
,-0.013889417
,-0.006343526
,-0.014278702
,0.022254586
,-0.0250142
,0.03509229
,-0.013926997
,-0.006516777
,0.005597083
,0.003054564
,-0.01280059
,-0.007524305
,-0.013369254
,-0.015609382
,-0.008781965
,-0.016279195
,-0.008797523
,-0.032411473
,-0.010613821
,-0.024217558
,-0.033711968
,-0.015901696
,-0.002189117
,-0.008767699
,0.020099335
,0.014139386
,-0.011873611
,-0.017131798
,0.024315264
,0.024763832
,0.004402847
,-0.028462965
,-0.040052922
,-0.03165772
,-0.00063222
,0.006438469
,-0.013714476
,0.000803349
,0.013172279
,-0.003878338
,-0.006771108
,0.004777155
,-0.060888943
,-0.057986421
,0.067730775
,-0.017329617
,-0.028163632
,-0.022907911
,-0.033046356
,-0.015045658
,-0.03060637
,-0.022831492
,-0.0205603
,-0.024558641
,-0.020584338
,-0.022479783
,-0.016330009
,0.350437561
,-0.01832345
,-0.01604898
,-0.005260344
,-0.007210994
,-0.015548156
,-0.014121509
,-0.031318712
,0.050321549
,-0.012804179
,-0.026568678
,-0.018034556
,-0.023572175
,-0.006980708
,-0.008534903
,-0.007226741
,-0.015566152
,-0.0169299
,-0.014811224
,-0.011796579
,-0.040962652
,-0.035150511
,0.00379403
,-0.012863627
,-0.024261478
,-0.013497235
,-0.019764537
,-0.006818156
,-0.009170744
,-0.006867596
,-0.01442969
,-0.016719302
,-0.015079059
,-0.011542449
,-0.025213997
,-0.033737585
,0.014765952
,-0.012905441
,-0.029269504
,-0.017016674
,-0.023271577
,-0.006802406
,-0.01381498
,-0.009978975
,-0.015084476
,-0.017555654
,-0.015320092
,-0.012379114
,-0.014789794
,-0.037550621
,-0.052348979
,-0.039215679
,-0.135092833
,-0.076312994
,-0.041573766
,-0.040410903
,-0.017400255
,-0.006816971
,0.009423014
,-0.009206294
,-0.023049412
,-0.023988296
,0.022320354
,0.002774733
,0.00322028
,-0.001625281
,-0.014161924
,0.001307403
,-0.023097753
,0.009239708
,-0.012121633
,0.013726168
,-0.001859603
,-0.020933498
,0.011739828
,0.012186092
,-0.00463931
,0.01053829
,-0.004515688
,0.000906582
,-0.011449703
,0.00954484
,-0.008541164
,-0.001136926
,-0.007146893
,-0.004342403
,-0.003779049
,-0.001915185
,-0.00519156
,-0.002807245
,-0.003057967
,-0.004155795
,-0.011836144
,-0.012448277
,-0.005021665
,-0.005621711
,-0.003527838
,-0.000993571
,0.005251816
,-0.001041124
,0.001015244
,-0.008325219
,0.004573429
,-0.006025201
,-0.001737864
,-0.007230232
,-0.001861109
,-0.004057381
,-0.001828164
,-0.004858899
,-0.002046174
,-0.005040068
,0.012502867
,-0.002527456
,0.000999387
,-0.005949747
,0.009120666
,-0.005492402
,-0.001645514
,-0.007031424
,-0.001936322
,-0.003629241
,-0.001573724
,-0.005234544
,-0.00191788
,-0.002851555
,0.004553212
,-0.003110837
,0.001002557
,-0.009731475
,0.008722888
,-0.005604046
,-0.001631917
,-0.009847415
,-0.003827926
,-0.00363492
,-0.001765822
,-0.005221682
,-0.002100411
,0.003086825
,-0.004193809
,-0.008283863
,-0.003239133
,-0.008533707
,0.000286281
,-0.006850757
,0.001343325
,0.00182398
,-0.004332869
,0.024014435
,0.018778455
,-0.002329756
,-0.001394002
,0.010749966
,0.002403641
,-0.001240358
,-0.007578134
,-0.008997797
,-0.010627208
,-0.017135591
,-0.000105258
,-0.021331889
,0.007084043
,-0.008209217
,-0.026123135
,0.017264048
,0.018641994
,-0.000590825
,0.022240641
,-0.010517514
,-0.015815031
,-0.019656826
,-0.000787067
,1.02E-05
,-0.005153898
,-0.015680715
,-0.012370349
,0.00214957
,-0.004634085
,-0.011579176
,-0.001692547
,-0.008141578
,-0.006830894
,-0.017455868
,-0.012205978
,-0.005363891
,-0.002872463
,-0.003842538
,0.000757016
,0.010133574
,-0.002707926
,-0.015694772
,-0.012965941
,4.50E-05
,0.005328378
,-0.007022059
,-0.0154252
,-0.005929245
,0.001195265
,-0.003874615
,-0.011018694
,-0.001159178
,-0.0007447
,0.015460632
,-0.00466969
,-0.015632382
,-0.011282284
,0.003796314
,0.007839022
,-0.006806755
,-0.015599212
,-0.005266333
,0.001601023
,-0.004255534
,-0.01261404
,-0.001381014
,-0.002202755
,0.008564351
,-0.005669511
,-0.015703417
,-0.015686774
,0.001202277
,0.005600237
,-0.006874725
,-0.018335479
,-0.009778536
,0.001967647
,-0.00456876
,-0.011896928
,-0.001431784
,0.013269453
,0.006072789
,0.000500289
,0.007183488
,0.010391687
,0.00366644
,0.000913307
,0.009684971
,0.004975363
,0.003132845
,0.034763558
,0.027186316
,0.001069141
,-0.006930059
,0.013001609
,0.005818801
,-0.000680572
,-0.007408085
,-0.009157469
,-0.011003316
,-0.018768346
,0.000236511
,-0.022116332
,0.002856158
,-0.005273416
,-0.027879384
,0.015902776
,0.017751694
,-0.000285019
,0.023431079
,-0.013933927
,-0.016801599
,-0.018675592
,0.002477088
,-0.00181123
,-0.007294405
,-0.018506076
,-0.01332525
,0.000856067
,-0.008889396
,-0.009422866
,-0.002115498
,-0.007164625
,-0.012062278
,-0.018717646
,-0.015024085
,-0.00731953
,-0.004189857
,-0.000728938
,0.001212902
,0.009810387
,-0.004796904
,-0.016865641
,-0.011726134
,0.00245426
,0.002488916
,-0.008369085
,-0.016910223
,-0.005677035
,0.000197182
,-0.007851275
,-0.009485089
,-0.001835505
,-3.88E-05
,0.015431819
,-0.006427813
,-0.016838225
,-0.009777468
,0.006508967
,0.004663239
,-0.008294833
,-0.017051745
,-0.005350093
,0.000769993
,-0.008378921
,-0.011428058
,-0.002307371
,-0.002041414
,0.00918716
,-0.008143842
,-0.016891454
,-0.014924694
,0.004237873
,0.003272859
,-0.0083406
,-0.020194589
,-0.01052062
,0.000956748
,-0.00865346
,-0.010535335
,-0.002274124
,0.012370486
,0.007558176
,0.003165485
,0.008070552
,0.011550866
,0.003086647
,0.00129169
,0.010076036
,0.005957393
,0.004457376
,0.035508999
,0.026677849
,1.63E-05
,-0.007152372
,0.024798432
,-0.00563111
,-0.006426481
,-0.032246087
,-0.009461421
,-0.015251623
,-0.011925021
,-0.023995144
,-0.009954138
,0.007390641
,0.01611813
,-0.006331075
,-0.008459691
,-0.00057054
,-0.04882717
,-0.008223399
,-0.013239603
,0.002013894
,-0.004696933
,-0.033310312
,-0.013692771
,0.044313729
,0.064285992
,0.02328565
,0.004491371
,-0.020914376
,-0.078272232
,-0.018795567
,-0.004317953
,0.029833557
,0.031013138
,-0.026550451
,0.055355273
,-7.30E-05
,-0.068382022
,-0.014824314
,-0.004246531
,0.008752049
,0.003951732
,-0.004754335
,-0.034723108
,-0.027934551
,-0.000807777
,0.075553521
,0.014961212
,0.003861236
,-0.020802915
,-0.068537414
,-0.013397716
,-0.027714232
,-0.000643653
,0.003100532
,0.003127885
,0.00934696
,-0.009824615
,-0.036071453
,0.006403748
,0.065864188
,0.026454407
,0.005465372
,-0.020705355
,-0.069408387
,-0.013802853
,-0.015580376
,-0.003602913
,0.004268119
,0.003677921
,-0.006035083
,-0.02305559
,-0.029971803
,0.007689738
,0.053964482
,0.019048159
,0.002967284
,-0.021423813
,-0.071467419
,-0.012901971
,-0.009249912
,-0.003183907
,0.000909824
,-0.021893729
,-0.020006109
,-0.027344722
,-0.051769403
,-0.053624797
,0.00627054
,-0.01698788
,-0.016101256
,0.007234982
,0.003554308
,0.000320281
,0.037876038
,0.03367846
,-0.00644338
,0.01086009
,-0.050795195
,-0.033294397
,-0.020161463
,-0.007969149
,-0.008812455
,0.007013035
,0.006094278
,0.003520348
,-0.014925341
,0.003560588
,-0.095485496
,-0.047474192
,0.00236683
,0.1229019
,-0.11002833
,0.008730863
,0.010387783
,-0.011471189
,-0.078639805
,-0.05403767
,-0.061609163
,-0.11770508
,0.03283264
,-0.04155164
,-0.068666324
,0.040865589
,-0.076963136
,-0.075262315
,0.023479658
,-0.027393267
,0.035015431
,-0.025082919
,-0.031943193
,0.043323889
,0.125183628
,-0.095593191
,0.019331164
,-0.003643689
,-0.024285976
,0.017104812
,0.019548495
,-0.05007063
,-0.098216019
,0.027609696
,-0.040440184
,-0.066800996
,-0.016266608
,0.026412119
,0.122606201
,-0.08942815
,0.019161849
,0.003993245
,-0.023576664
,0.007293384
,0.072562515
,-0.053464519
,-0.097864421
,0.024703885
,-0.036093517
,-0.040917002
,-0.015929163
,0.038418947
,0.124518788
,-0.102770339
,0.005710441
,0.005068304
,-0.022014837
,-0.018847554
,-0.032064718
,-0.055100665
,-0.102351409
,0.023744895
,-0.040917824
,-0.049773579
,-0.078118162
,-0.028184597
,-0.083487194
,-0.050780013
,-0.04267723
,-0.042609718
,-0.031768302
,-0.00742935
,-0.039550417
,0.02731648
,-0.010562956
,-0.044722281
,-0.022906398
,0.017754455
,0.027608613
,0.010363916
,-0.025593705
,-0.020934455
,0.00328855
,0.036750232
,-0.064311205
,-0.020388052
,0.002787456
,0.013103784
,0.002360309
,0.006566721
,0.008671054
,-0.087577693
,-0.061484074
,-0.021261942
,-0.024478351
,0.202771905
,-0.027332969
,0.07066166
,0.053881947
,0.052306036
,0.323713083
,0.04901365
,-0.011145818
,-0.043092771
,-0.019605352
,-0.017868502
,0.190102357
,0.397845261
,0.27493774
,0.107751733
,0.248448432
,-0.038035724
,-0.019059391
,-0.02379394
,0.010987438
,-0.020174894
,0.085567056
,-0.023712776
,0.018023566
,0.029644851
,0.027231383
,0.064185287
,0.050191729
,-0.008500561
,-0.033710736
,-0.009858785
,-0.036494946
,-0.024184226
,0.000224843
,-0.020170627
,0.091214158
,-0.016438119
,0.003112843
,0.028663011
,0.026557101
,0.079402906
,0.022234477
,-0.00815519
,-0.034777304
,-0.008395332
,-0.02313568
,-0.025516507
,0.000676315
,-0.020257075
,0.200866564
,-0.020152287
,-0.009341531
,0.026677015
,0.043508125
,0.318052646
,0.008869651
,-0.007885086
,-0.035796585
,-0.0103091
,0.003868978
,-0.005503089
,-0.027483365
,-0.043126432
,-0.060238331
,-0.009272191
,0.016873476
,-0.099095941
,-0.029067229
,-0.048750281
,-0.017418677
,0.006609448
,0.01010499
,-0.003326212
,0.035722817
,0.039065115
,0.009824602
,-0.006938594
,-0.043591765
,-0.017813022
,-0.037252466
,-0.039375867
,-0.020284046
,-0.000296677
,-0.00492554
,0.007226189
,-0.009673821
,-0.017917763
,-0.087776963
,-0.03419348
,0.000706407
,0.14329178
,-0.039232297
,0.031695595
,0.01678332
,-0.046394575
,-0.068679599
,0.091287389
,-0.070292648
,-0.114835727
,0.030525583
,-0.051924997
,-0.046649795
,0.069029771
,-0.000540797
,-0.041574017
,-0.044588248
,0.047572992
,0.034561719
,-0.023103984
,-0.020858679
,0.047924732
,0.144475156
,-0.030638692
,0.028621855
,0.003770462
,-0.027640293
,0.022885084
,0.05943379
,-0.053385866
,-0.094070199
,0.026592659
,-0.04879561
,-0.05818688
,-0.011058549
,0.027835441
,0.14393742
,-0.035353832
,0.045552294
,0.010382831
,-0.026970671
,0.024385604
,0.088506802
,-0.065328025
,-0.092292423
,0.020393821
,-0.045923099
,-0.037912934
,-0.011470324
,0.037075449
,0.144571994
,-0.013615273
,0.026456781
,0.009392697
,-0.027280874
,-0.018148015
,0.115045554
,-0.081830287
,-0.097475991
,0.022702283
,-0.051013222
,-0.035565171
,-0.063541437
,0.000746243
,-0.071149037
,-0.038951841
,-0.062710379
,-0.056442212
,-0.057298545
,-0.026851646
,-0.005998287
,0.008782538
,-0.004901242
,-0.034677249
,-0.021922106
,0.009429706
,-6.73E-05
,0.010933959
,0.004148713
,-0.017715406
,-0.004383661
,-0.035442541
,-0.00934926
,-0.000142916
,-0.000376362
,0.018426338
,-0.002735402
,-0.006472398
,-0.000488189
,0.043146359
,0.032634237
,0.001582211
,0.007766737
,0.00357725
,0.024927115
,-0.052657849
,0.016987563
,0.01573098
,-0.028562582
,-0.069100521
,-0.018961365
,0.0179049
,-0.042752359
,0.012730511
,-0.033704229
,-0.026528766
,-0.034251815
,-0.008489964
,-0.026821499
,0.025284737
,0.006693612
,0.002291453
,-0.009043896
,0.005594811
,-0.003217209
,0.007352813
,-0.02689788
,0.011534971
,0.022773092
,0.00069261
,-0.063155473
,-0.01300821
,0.01919089
,-0.034631842
,0.01018585
,0.013278646
,-0.007703163
,0.006104854
,0.001297841
,-0.011178529
,-0.010238233
,0.016863231
,0.031664265
,-6.45E-05
,-0.057596573
,-0.008421702
,0.019841775
,-0.034203281
,0.012804406
,0.022374904
,0.001013018
,0.005754878
,-0.003165028
,0.004035718
,-0.025669806
,0.010876989
,0.003488196
,-0.020652538
,-0.06250756
,-0.010038453
,0.015853537
,-0.037125065
,-0.034359974
,-0.014585545
,-0.013234016
,-0.008063932
,-0.021969081
,-0.017734898
,-0.035397439
,-0.013452653
,0.016954568
,-0.000152721
,0.010267494
,-0.004173548
,0.001742602
,0.021420677
,0.036482047
,0.032374445
,0.035031888
,0.011808239
,-0.001789299
,0.00376452
,-0.05035577
,0.001381596
,-0.021301113
,0.002170869
,0.016213335
,-0.024022984
,0.00229555
,0.00404028
,0.03462936
,0.061681369
,0.007905573
,0.031436567
,0.015842293
,0.023469248
,-0.00408032
,-0.008466463
,-0.006528334
,0.003268351
,-0.068235938
,-0.064979159
,0.06795469
,-0.051134116
,-0.039568995
,-0.015053556
,0.013393538
,0.010132943
,-0.010737149
,-0.018529944
,0.071440668
,0.000117061
,0.029635001
,-0.00683994
,0.02960292
,0.014486948
,0.015896125
,0.006754637
,-0.00060495
,0.01477124
,-0.007897572
,-0.06225062
,-0.052283769
,0.064289282
,-0.042452521
,0.024085229
,0.046548781
,0.000609869
,0.029674222
,0.012845123
,0.004921085
,0.01758875
,-0.000340205
,0.015749504
,-0.006482315
,-0.058968773
,-0.049709298
,0.059354306
,-0.042988063
,0.014544266
,0.056681196
,0.001729209
,0.029840387
,0.009522098
,0.008067807
,0.007605462
,-0.000189504
,0.001583785
,0.010936361
,-0.062929002
,-0.052581874
,0.064678383
,-0.043641705
,-0.023046285
,-0.026265049
,0.011161486
,-0.005369931
,-0.01796545
,-0.03759989
,-0.045195129
,-0.020306567
,-8.36E-05
,-0.007296729
,0.009184748
,-0.010754908
,-0.012764837
,-0.017375446
,0.026591791
,0.016904343
,0.008678403
,-0.011005173
,-0.00097065
,0.003391079
,-0.027144919
,0.003108816
,0.011714659
,0.005685743
,0.012516936
,-0.006750862
,-0.008891347
,-0.002947516
,0.037034062
,0.02900994
,-0.003622481
,0.014929747
,-0.032114577
,0.021606262
,-0.014274982
,0.044278297
,-0.006835917
,-0.012621666
,-0.037558168
,-0.055201152
,0.06106093
,-0.028765415
,0.013884395
,-0.027394988
,-0.029373237
,-0.011577495
,-0.005039173
,-0.012234887
,0.063894169
,-2.65E-05
,0.010833456
,-0.009785419
,0.013014324
,-0.032927206
,0.014074476
,-0.011499996
,0.037195869
,0.017437173
,0.005852308
,-0.034091978
,-0.044191226
,0.055192486
,-0.024041559
,0.026853753
,0.018465483
,-0.003867643
,0.01467812
,-0.017742584
,0.011276998
,0.002141198
,0.040787018
,0.021344705
,-0.001058277
,-0.03158073
,-0.045192009
,0.056154582
,-0.024810673
,0.013546488
,0.023353021
,-0.000172648
,0.013482793
,-0.028888046
,0.004297025
,-0.006706369
,0.040307197
,-0.003353989
,-0.007121464
,-0.032620925
,-0.047473387
,0.05684151
,-0.02636297
,-0.015017749
,-0.002747808
,0.01327699
,-0.012948274
,-0.016649595
,-0.013328449
,-0.023722966
,-0.01050378
,0.018554157
,-0.001292652
,0.012144025
,0.005432344
,-0.006219355
,0.009565357
,0.037377494
,0.023504446
,0.04628673
,0.020295221
,0.010449959
,0.016990952
,-0.043968996
,0.001868172
,0.005288253
,0.008559066
,0.010066677
,-0.010682122
,-0.002451624
,-0.00388098
,0.026352701
,0.044777299
,0.002130215
,0.04242676
,0.038740866
,0.045473314
,-0.01379358
,-0.002306604
,-0.000829734
,-0.001482601
,-0.084935502
,-0.001432555
,0.031915983
,-0.059160517
,-0.038119765
,-0.023318959
,0.006667588
,-0.001316802
,-0.010311476
,-0.026488314
,0.038979611
,0.002483421
,0.015429472
,-0.014046945
,0.039848139
,0.031611162
,0.025345627
,0.002839948
,0.004637855
,0.008744962
,-0.012818944
,-0.077123192
,0.008861798
,0.028201738
,-0.047658565
,0.009536925
,0.024258254
,-0.003946727
,0.0420795
,0.020593016
,0.012152205
,0.016407224
,0.010491218
,0.003778107
,-0.009074289
,-0.072934436
,0.016406908
,0.025729206
,-0.04751158
,0.009146431
,0.030498883
,-0.002469813
,0.040719254
,0.026914549
,0.026352835
,0.003979108
,0.007330803
,0.000212827
,0.008256827
,-0.075442076
,0.010193788
,0.028559394
,-0.049381588
,-0.004721656
,-0.007616253
,-0.004882613
,-0.01253794
,-0.01061448
,-0.033034092
,-0.04970494
,-0.016321497
,-0.016547739
,-0.007276127
,-0.012805685
,-0.017480275
,-0.017449262
,-0.016529873
,0.016017815
,0.008916133
,-0.015310374
,-0.016949766
,-0.01904002
,-0.020700032
,-0.031021586
,-0.015153657
,-0.022780373
,-0.004088619
,0.010766093
,-0.008504358
,-0.016314027
,-0.000127089
,-0.078634507
,-0.011924843
,-0.022452304
,0.039936651
,-0.025698313
,-0.015849768
,-0.010694654
,-0.001681483
,-0.039259128
,0.030660879
,-0.013530452
,-0.019785773
,-0.067281162
,-0.028678044
,-0.014235056
,0.009598522
,0.033986349
,0.049586991
,0.016446675
,0.013670089
,-0.061603386
,-0.024795995
,-0.001532364
,-0.003982664
,0.041551618
,-0.035512754
,-0.009301282
,-0.018432844
,-0.006927957
,-0.018630378
,0.025450766
,-0.012355474
,-0.017551574
,-0.052204565
,-0.025835194
,-0.065636679
,-0.001285561
,0.004624425
,0.040580878
,-0.015242262
,0.003890059
,-0.020430033
,-0.005125566
,-0.024567956
,0.025285366
,-0.011240887
,-0.018490487
,-0.051582313
,-0.02437108
,-0.033480558
,0.001473507
,0.001448889
,0.041253895
,-0.017985141
,-0.011138251
,-0.02235622
,-0.003069409
,-0.023771272
,0.025769235
,-0.015425266
,-0.017869849
,-0.057049424
,-0.024989702
,-0.035422353
,-0.033749638
,-0.033510507
,-0.031409998
,-0.038811618
,0.010042517
,-0.025361359
,-0.063893033
,0.009674549
,-0.027953328
,-0.009549022
,0.005653549
,-0.007653246
,0.003497437
,0.018281074
,0.03629705
,0.013988992
,0.029396908
,0.010818099
,-0.008009567
,-0.000153805
,0.004754569
,-0.023363217
,-0.013685553
,0.013257028
,0.002790484
,0.009891104
,0.008431541
,0.083114651
,0.093163056
,0.005762246
,-0.070704516
,0.007398291
,0.007868694
,0.064648739
,-0.02802742
,-0.034720838
,-0.008783146
,-0.082292392
,-0.022650291
,-0.013964961
,-0.021302684
,0.009693118
,0.00758509
,0.012590039
,-0.009328589
,-0.009366782
,0.027780049
,0.058568639
,0.028043432
,-0.070326689
,-0.002579942
,0.000810202
,0.07142088
,-0.025830662
,-0.002841483
,0.014714109
,-0.074154231
,-0.014767114
,-0.018698597
,0.069543729
,0.061747766
,0.02359996
,-0.069122294
,-0.008071388
,-0.012126816
,0.049013292
,-0.021707153
,-0.00695736
,0.018540504
,-0.066964998
,-0.022042756
,-0.011607979
,0.036644065
,0.064561528
,0.026856115
,-0.06994563
,-0.007038365
,0.001459202
,0.05693437
,-0.02621815
,-0.020257836
,0.004640792
,-0.077876963
,-0.015222062
,-0.017113702
,-0.032714533
,-0.021511693
,-0.008551725
,0.016933351
,0.002957159
,0.039856514
,-0.057480518
,-0.046493124
,0.052814324
,-0.007449044
,-0.007624234
,0.045990143
,0.025471228
,0.027716627
,0.006079235
,0.005160092
,-0.000758115
,-0.017889996
,-0.018872258
,-0.012888629
,-0.022612402
,-0.025724179
,-0.032221277
,0.004474791
,0.011236583
,-0.004687729
,-0.026958768
,-0.010058222
,-0.020474402
,0.011002045
,0.023666271
,0.023965933
,-0.006785906
,0.016431702
,-0.042526314
,-0.002165947
,-0.021156507
,0.02278167
,0.019011563
,-0.00043083
,-0.046072823
,-0.045114941
,-0.01747231
,0.054308961
,0.021895347
,0.034593536
,0.006486139
,0.008105332
,-0.041283689
,-0.005835157
,-0.000645427
,0.018053535
,0.024211313
,-0.01678526
,0.013735433
,-0.040056894
,-0.003642659
,-0.015614154
,0.008678722
,0.018778748
,-0.004470659
,-0.026566017
,-0.039442477
,-0.015793775
,0.00455332
,0.011682753
,0.025510265
,-0.009434979
,0.015158364
,-0.044399145
,0.001612405
,-0.01461664
,0.012476602
,0.019081193
,-0.004526787
,-0.037350694
,-0.036417337
,-0.008590161
,0.011410484
,0.021246705
,0.024647663
,-0.008542183
,0.009325164
,-0.045949382
,0.000806495
,-0.026068956
,0.011549343
,0.018158595
,-0.00265083
,-0.034077725
,-0.040469931
,-0.03026645
,-0.039704086
,-0.025105115
,-0.050180696
,-0.02796211
,0.005189292
,-0.0241159
,-0.044029281
,0.019497403
,-0.005638313
,-0.008436977
,0.017183635
,0.001398981
,0.004970068
,0.010342086
,0.011369942
,0.009489332
,0.023072757
,-0.006632843
,0.023178778
,0.004913426
,0.038904573
,-0.024745409
,0.004455964
,0.000372508
,-0.019395403
,0.005130928
,-0.004144988
,0.073252814
,0.110073639
,-0.021937107
,-0.037109363
,-0.043791386
,-0.032876504
,0.039651188
,0.008344259
,0.000447654
,0.026002375
,-0.013241359
,-0.046175817
,-0.012285639
,-0.021052143
,-0.047137672
,0.016115397
,0.011942877
,0.065001996
,0.039993852
,0.027532728
,-0.012209007
,0.012409556
,0.075601151
,-0.014092507
,-0.035960315
,-0.055100717
,-0.032174328
,0.045988035
,0.005705134
,-0.010178469
,0.016847655
,-0.01164679
,-0.040776801
,-0.004616634
,-0.03231068
,0.085877116
,0.088023726
,-0.017709371
,-0.035465902
,-0.055159656
,-0.021249302
,0.045232301
,0.012559847
,-0.001697558
,0.016107896
,-0.015826205
,-0.038591523
,-0.005419455
,-0.026374296
,0.033124163
,0.081193853
,-0.011662727
,-0.036084913
,-0.044904172
,-0.034403105
,0.033349186
,0.006985235
,-0.0042788
,0.02436355
,-0.015221552
,-0.040587011
,-0.008562438
,-0.02629729
,-0.021783209
,-0.005393803
,0.009784083
,0.008450952
,0.000694109
,0.031939647
,-0.03620728
,-0.027725539
,0.041621222
,0.015783219
,0.010048907
,0.027296615
,0.023024921
,0.02545958
,0.036754374
,0.025110189
,-0.003289757
,0.004023479
,-0.009916628
,-0.005783488
,-0.044665239
,-0.016142998
,-0.005466889
,0.011127109
,-0.012237385
,-0.007746133
,-0.008381002
,0.000521949
,-0.018289528
,0.023456912
,-0.006945141
,0.060601867
,-0.013923932
,0.00048015
,-0.040502166
,-0.022836231
,-0.016491365
,-0.008622265
,-0.04252283
,-0.019163109
,-0.031765274
,-0.022010429
,-0.005663918
,-0.000625881
,-0.007578226
,-0.01336623
,-0.015790006
,-0.008876823
,0.010632452
,0.004135114
,0.060841583
,-0.009849624
,-0.001327336
,-0.030340372
,-0.019106252
,0.00552057
,-0.009634318
,-0.038032196
,-0.015097972
,-0.023976941
,-0.016184744
,0.015570421
,0.003641648
,0.060243508
,0.002023719
,0.008421157
,-0.01984654
,-0.018297659
,0.006834141
,-0.011035053
,-0.033615979
,-0.017350133
,-0.02227587
,-0.007572354
,0.017110411
,0.004869349
,0.060816519
,-0.010580926
,0.002584992
,-0.026634933
,-0.018254483
,0.000993867
,-0.00013111
,-0.03762536
,-0.034182847
,-0.026036443
,-0.027133119
,-0.019166904
,-0.011896903
,-0.031547437
,-0.034171446
,-0.03670538
,-0.068532014
,-0.037093402
,-0.017077238
,-0.010726992
,0.00557768
,-0.00972156
,-0.026560563
,-0.035663824
,0.032844772
,0.046003303
,0.017785825
,0.020762517
,-0.032558554
,-0.009484881
,-0.046285579
,-0.045856024
,-0.018550881
,0.009912543
,0.008155532
,-0.012072969
,0.006718121
,0.001017064
,-0.054856327
,-0.006649446
,-0.048976579
,0.060022854
,0.051634955
,0.003599709
,0.040272515
,0.002954524
,0.040042295
,0.141619763
,-0.044652962
,-0.069441061
,-0.020858874
,-0.052134829
,-0.03000035
,0.061431021
,0.16267444
,0.203405607
,0.069009648
,0.077733744
,-0.015664549
,-0.015271615
,0.007929683
,-0.010969723
,0.06336497
,0.004464639
,0.001379574
,0.03231567
,-0.000538662
,0.027096646
,0.077069534
,-0.038581827
,-0.055459823
,-0.012628512
,-0.03730268
,-0.027040161
,0.010859899
,-0.017851936
,0.061469623
,0.007663733
,0.024585816
,0.044518666
,-3.38E-05
,0.019368789
,0.081241136
,-0.046383774
,-0.049201261
,-0.016279841
,-0.033885853
,-0.014444046
,0.012303809
,-0.019508462
,0.06278736
,0.045580926
,0.00662863
,0.020897881
,9.75E-05
,0.04406311
,0.12634313
,-0.054663276
,-0.052911596
,-0.01562805
,-0.03840064
,-0.024357872
,-0.070840385
,-0.03050569
,-0.069998587
,-0.054150058
,-0.05221978
,-0.074797483
,-0.110636099
,-0.019215469
,-0.045717592
,-0.003463076
,-0.012393635
,-0.023038008
,-0.028765407
,0.013854387
,0.024302609
,0.001917484
,0.012569468
,-0.016808064
,-0.014090254
,-0.015814906
,0.005841364
,-0.014631997
,0.003754184
,-0.003154446
,0.005249256
,-0.008430994
,0.00561655
,-0.031445951
,-0.017692219
,-0.014155286
,0.019893121
,0.002484892
,5.41E-05
,0.002839565
,0.077733928
,0.065839104
,-0.024401098
,-0.023653794
,-0.019292795
,-0.013849342
,-0.018993263
,-0.002048381
,0.031093348
,0.034896057
,0.011026952
,0.252844534
,-0.013676065
,-0.011811851
,-0.008829348
,-0.005289835
,-0.002408984
,0.021160608
,-0.006983255
,-0.001521789
,-0.009399218
,0.043623471
,0.061989721
,-0.009105754
,-0.021803266
,-0.014402834
,-0.011366258
,-0.014206352
,-0.01575362
,-0.004175971
,-0.004016623
,0.020829176
,-0.006747909
,0.005545399
,-0.009645274
,0.049366717
,0.049782533
,-0.010265088
,-0.019913057
,-0.01382803
,-0.01177837
,-0.013828873
,-0.008811393
,-0.002929531
,-0.003407387
,0.021048861
,-0.01188422
,0.000782484
,-0.010479554
,0.047468163
,0.063398534
,-0.017978959
,-0.020902049
,-0.014518143
,-0.012300903
,-0.014733192
,-0.011086662
,-0.011054597
,-0.020518192
,-0.028090475
,-0.016625475
,-0.030279113
,-0.057962599
,-0.028607646
,0.006369425
,-0.029956511
,0.004841126
,-0.00685452
,0.011454254
,-0.021219999
,0.017551584
,0.021273996
,0.001302102
,0.008696528
,-0.017663494
,-0.00978966
,-0.034619387
,-0.000820998
,-0.000219845
,0.020081692
,0.012156609
,0.004295167
,-0.000289874
,0.005799353
,-0.008049544
,0.006716626
,-0.02166335
,0.030472687
,-0.00514758
,0.000934177
,-0.023280894
,0.127044633
,0.087418118
,-0.040454063
,-0.036520714
,-0.032497557
,0.004224878
,-0.015671594
,0.002300326
,0.026699424
,0.024550702
,-0.001780773
,0.38997093
,-0.021013652
,0.009936546
,0.000530704
,0.010661912
,-0.005585785
,0.031874397
,-0.011837708
,-0.005815036
,-0.025917121
,0.073293835
,0.090413227
,-0.015964726
,-0.034039808
,-0.025028453
,0.004543647
,-0.012918116
,0.006612743
,0.018575846
,-0.006797318
,0.031594747
,-0.018609945
,0.005862955
,-0.020329017
,0.086618542
,0.062061388
,-0.017164266
,-0.030877049
,-0.023186844
,0.002871061
,-0.010589856
,0.002269246
,0.019769963
,-0.007046949
,0.031721279
,-0.020003211
,-0.000509787
,-0.03071391
,0.082796679
,0.089810558
,-0.02901523
,-0.032465617
,-0.025234219
,0.002661453
,-0.013408654
,-0.013717363
,-0.022503066
,-0.025228573
,-0.033898776
,-0.010133698
,-0.036652898
,-0.051877184
,-0.035096694
,0.00741339
,-0.026083144
,0.005659732
,0.003586803
,0.006449976
,-0.008452994
,0.003943516
,0.008063146
,-0.013040306
,0.010247178
,-0.012039341
,0.019269289
,-0.017499325
,-0.012771658
,-0.000463141
,-0.00708173
,0.024246235
,0.003727043
,0.014320658
,-0.009359476
,-0.016629885
,-0.006577012
,0.002901953
,0.094789818
,-0.028542409
,-0.017861188
,-0.030035001
,-0.005074614
,-0.006085439
,-0.010034074
,-0.015905473
,-0.012343332
,-0.015113601
,-0.013722125
,-0.022726287
,-0.021280783
,-0.003568343
,-0.008668512
,-0.011334291
,-0.008716155
,-0.013292872
,-0.007554828
,0.091773371
,-0.022487389
,-0.017374408
,-0.022242436
,-0.003404476
,0.009578945
,-0.00532543
,-0.014105405
,-0.011541896
,-0.01190338
,-0.014947541
,-0.0110617
,-0.004483764
,0.09354834
,-0.020734775
,-0.014771015
,-0.01804776
,-0.00340224
,0.012240143
,-0.004590145
,-0.01289893
,-0.011483053
,-0.011905656
,-0.00848689
,-0.007465387
,-0.003215792
,0.092652259
,-0.023548682
,-0.016925459
,-0.022202323
,-0.002702524
,0.005488161
,-0.006075983
,-0.013905939
,-0.006267882
,-0.012400913
,-0.018767729
,0.005554276
,-0.037518272
,-0.006337024
,-0.005572934
,0.003952436
,-0.045057052
,-0.012972809
,0.000351391
,-0.006324579
,-0.003231477
,-0.007282507
,0.006355136
,0.001491263
,0.0007228
,0.017931159
,-0.001385548
,0.015740753
,-0.024411131
,0.002651439
,-0.020811905
,0.003817755
,-0.025118418
,-0.006615384
,0.018713511
,-0.024095238
,-0.009872354
,-0.007851381
,0.061823454
,0.036005123
,0.048544856
,0.069394629
,-0.02976738
,0.001193465
,-0.098629035
,-0.013438731
,0.055915072
,-0.019839675
,-0.065650527
,0.039561751
,-0.056103551
,-0.031387556
,-0.029737582
,0.010096263
,-0.032303931
,-0.014783267
,-0.001297161
,-0.022539017
,-0.047524071
,0.015874033
,0.017188029
,0.002772902
,0.068261727
,-0.022417349
,-0.01314587
,-0.079344684
,-0.005704664
,0.042778348
,-0.009256907
,-0.060457168
,0.03930107
,-0.049871706
,-0.022216163
,0.064139989
,0.020315578
,0.010047158
,0.066738191
,-0.02319921
,0.003410486
,-0.06148101
,-0.006603788
,0.054726425
,-0.007672628
,-0.055854431
,0.052081767
,-0.048665064
,-0.020478467
,0.031047027
,0.02422324
,0.019004641
,0.067943325
,-0.02857404
,0.001127473
,-0.078114919
,-0.006246257
,0.039599214
,-0.021846794
,-0.060334985
,0.048907314
,-0.050474145
,-0.020386904
,0.000532345
,0.019339867
,-0.016984134
,-0.007570182
,-0.004888238
,-0.028141406
,-0.055500799
,-0.011286851
,0.011757869
,-0.004277041
,0.001248586
,0.001749768
,0.028598195
,0.008768668
,0.026380315
,0.019707107
,0.013823757
,0.007067364
,-0.003740356
,-0.01142001
,-0.023900726
,0.007866296
,-0.007109803
,0.003345765
,-0.00089652
,0.003169259
,0.014434637
,0.000879214
,0.012742933
,0.102977881
,0.015075026
,0.057906313
,0.001116438
,0.007361852
,-0.021105714
,-0.004199706
,0.005152557
,-0.005212831
,-0.016645861
,-0.009977904
,0.029742388
,-0.014287103
,-0.015183042
,-0.012015945
,-0.010886901
,-0.003421196
,-0.003822544
,-0.00822492
,0.021898158
,-0.001734302
,0.058713422
,-0.001682973
,0.052100373
,-0.000930708
,-0.002633774
,-0.012283929
,-0.000433403
,0.00754557
,-0.002290916
,-0.014791077
,-0.008152912
,0.025586979
,-0.012831919
,0.010666575
,0.190450402
,0.001409795
,0.058604724
,-0.005001249
,-0.003602724
,-0.00855913
,-0.00017393
,0.005865618
,-0.001518609
,-0.012640109
,-0.006783777
,0.014089609
,-0.011730016
,0.002445443
,0.260583181
,0.004374258
,0.054411842
,-0.003574852
,0.002543669
,-0.013778594
,-0.00126168
,0.005919721
,-0.005486334
,-0.014889729
,-0.007038764
,0.015992335
,-0.012850241
,-0.003840025
,-0.011763319
,-0.019793933
,-0.027043498
,-0.003402501
,-0.030301939
,-0.040984583
,-0.012473689
,-0.009943926
,-0.000466349
,0.011636574
,0.003054705
,0.01460876
,-0.001236046
,0.013287957
,0.025838094
,0.017836649
,0.021674012
,-0.006718408
,-0.001764223
,-0.060465007
,-0.014213537
,-0.006993202
,-0.003059454
,-0.016421418
,-0.016345777
,-0.004335206
,-0.010697511
,0.075154745
,0.129385295
,0.077039982
,0.030128136
,-0.037264937
,-0.004098049
,-0.064998342
,0.01740074
,-0.003633118
,-0.010628788
,-0.060486415
,-0.008340995
,-0.02196758
,-0.003924269
,0.008065286
,-0.031764139
,-0.011429232
,-0.009181792
,-0.012620683
,0.01535879
,0.082024178
,0.021646982
,0.02630884
,-0.030598694
,-0.005071501
,-0.045294103
,0.014978304
,0.003192304
,0.004494813
,-0.055735313
,-0.001796443
,-0.017594052
,0.05745824
,0.16802947
,0.025244732
,0.026232728
,-0.031250229
,-0.005556068
,-0.022922251
,0.019498603
,0.003780761
,0.004013109
,-0.052986907
,-0.014574579
,-0.015049392
,0.03411409
,0.205771635
,0.03724875
,0.026475589
,-0.035277525
,-0.011984135
,-0.043153465
,0.016653909
,-0.005189241
,-0.007198601
,-0.057292601
,-0.043335145
,-0.018907355
,-0.013473015
,-0.007589509
,-0.004894216
,0.000370607
,0.00740388
,-0.020894737
,-0.047341315
,-0.02009067
,-0.01609892
,0.02752729
,0.02589056
,-0.005535528
,0.007781795
,-0.002657259
,0.015137792
,0.001443774
,0.013275054
,-0.02244207
,0.029911788
,-0.015221852
,0.003524563
,-0.019213197
,0.016072519
,0.011336314
,0.009676562
,0.020799476
,-0.010206499
,-0.02845496
,0.013563599
,-0.014986907
,0.052541213
,-0.002882152
,-0.131481086
,-0.020251275
,-0.010516693
,0.009490262
,-0.027756301
,-0.025028319
,0.000707418
,-0.107476072
,0.100331799
,-0.051683609
,0.051688791
,-0.010902413
,-0.096703133
,-0.084315231
,-0.027596296
,-0.024917113
,0.095922333
,-0.00047414
,-0.016815217
,0.032970933
,-0.006055231
,-0.093796201
,-0.003920618
,-0.014858931
,0.015616287
,0.005969882
,-0.033801386
,-0.001161879
,-0.106688096
,0.083104358
,-0.039547562
,0.002436352
,-0.005954081
,0.020015671
,-0.005741219
,-0.069415739
,0.043321251
,-0.043869798
,0.014518611
,0.010080987
,-0.041605384
,0.004440162
,-0.111924007
,0.083938877
,-0.057204736
,0.004662422
,-0.013267596
,0.02253202
,-0.005983341
,-0.1025176
,0.002322177
,-0.013943103
,0.018156538
,-0.005282108
,-0.018598104
,0.004644022
,-0.110855082
,0.08495709
,-0.050194396
,0.064773283
,0.017058211
,0.017039208
,0.000359188
,0.015877479
,-0.038801214
,-0.002327043
,0.011235895
,0.026382146
,0.028106445
,-0.027265728
,0.01565216
,0.015717455
,0.007443131
,0.015137792
,0.001443774
,0.013275054
,-0.02244207
,0.029911788
,-0.015221852
,0.003524563
,-0.019213197
,0.016072519
,0.011336314
,0.009676562
,0.020799476
,-0.010206499
,-0.02845496
,0.013563599
,-0.014986907
,0.052541213
,-0.002882152
,-0.131481086
,-0.020251275
,-0.010516693
,0.009490262
,-0.027756301
,-0.025028319
,0.000707418
,-0.107476072
,0.100331799
,-0.051683609
,0.051688791
,-0.010902413
,-0.096703133
,-0.084315231
,-0.027596296
,-0.024917113
,0.095922333
,-0.00047414
,-0.016815217
,0.032970933
,-0.006055231
,-0.093796201
,-0.003920618
,-0.014858931
,0.015616287
,0.005969882
,-0.033801386
,-0.001161879
,-0.106688096
,0.083104358
,-0.039547562
,0.002436352
,-0.005954081
,0.020015671
,-0.005741219
,-0.069415739
,0.043321251
,-0.043869798
,0.014518611
,0.010080987
,-0.041605384
,0.004440162
,-0.111924007
,0.083938877
,-0.057204736
,0.004662422
,-0.013267596
,0.02253202
,-0.005983341
,-0.1025176
,0.002322177
,-0.013943103
,0.018156538
,-0.005282108
,-0.018598104
,0.004644022
,-0.110855082
,0.08495709
,-0.050194396
,0.064773283
,0.017058211
,0.017039208
,0.000359188
,0.015877479
,-0.038801214
,-0.002327043
,0.011235895
,0.026382146
,0.028106445
,-0.027265728
,0.01565216
,0.015717455
,0.007443131
,-0.012379425
,-0.004960108
,-0.010787591
,0.021136716
,-0.027558028
,0.01645107
,-0.005083911
,0.021235851
,-0.018308504
,-0.011185012
,-0.005538545
,-0.021077161
,0.01114208
,0.029783103
,-0.012491022
,0.015080143
,-0.053522884
,-0.00077972
,0.141207911
,0.022907974
,0.009436648
,-0.010136193
,0.028634178
,0.025417351
,-0.000684151
,0.113654008
,-0.107445096
,0.055927252
,-0.05651072
,0.011928769
,0.102531862
,0.089433733
,0.029581153
,0.027856459
,-0.10313535
,0.00030237
,0.017116852
,-0.035732834
,0.00253618
,0.100815496
,0.004480024
,0.014707482
,-0.016680084
,-0.008235683
,0.035705114
,0.000846897
,0.113129648
,-0.088753781
,0.042824438
,-0.00083629
,0.00509262
,-0.021250956
,0.002224417
,0.074472673
,-0.045462083
,0.046240144
,-0.015527522
,-0.012588794
,0.044108741
,-0.005135493
,0.118636935
,-0.089562951
,0.061877709
,-0.004425311
,0.013102993
,-0.023642769
,0.002462217
,0.110202294
,-0.000581658
,0.013812813
,-0.0194759
,0.00379578
,0.018643953
,-0.005327647
,0.117460534
,-0.090651782
,0.054329457
,-0.071092448
,-0.017981146
,-0.019644793
,0.00558943
,-0.01679655
,0.040755761
,0.000339358
,-0.010790154
,-0.030599776
,-0.028084587
,0.033096428
,-0.016472995
,-0.013729261
,-0.012641876
,-0.012379425
,-0.004960108
,-0.010787591
,0.021136716
,-0.027558028
,0.01645107
,-0.005083911
,0.021235851
,-0.018308504
,-0.011185012
,-0.005538545
,-0.021077161
,0.01114208
,0.029783103
,-0.012491022
,0.015080143
,-0.053522884
,-0.00077972
,0.141207911
,0.022907974
,0.009436648
,-0.010136193
,0.028634178
,0.025417351
,-0.000684151
,0.113654008
,-0.107445096
,0.055927252
,-0.05651072
,0.011928769
,0.102531862
,0.089433733
,0.029581153
,0.027856459
,-0.10313535
,0.00030237
,0.017116852
,-0.035732834
,0.00253618
,0.100815496
,0.004480024
,0.014707482
,-0.016680084
,-0.008235683
,0.035705114
,0.000846897
,0.113129648
,-0.088753781
,0.042824438
,-0.00083629
,0.00509262
,-0.021250956
,0.002224417
,0.074472673
,-0.045462083
,0.046240144
,-0.015527522
,-0.012588794
,0.044108741
,-0.005135493
,0.118636935
,-0.089562951
,0.061877709
,-0.004425311
,0.013102993
,-0.023642769
,0.002462217
,0.110202294
,-0.000581658
,0.013812813
,-0.0194759
,0.00379578
,0.018643953
,-0.005327647
,0.117460534
,-0.090651782
,0.054329457
,-0.071092448
,-0.017981146
,-0.019644793
,0.00558943
,-0.01679655
,0.040755761
,0.000339358
,-0.010790154
,-0.030599776
,-0.028084587
,0.033096428
,-0.016472995
,-0.013729261
,-0.012641876
